<annotation>
  <folder></folder>
  <filename>IMG-20210617-WA0623.jpg</filename>
  <source>
    <database>Unknown</database>
    <annotation>Unknown</annotation>
    <image>Unknown</image>
  </source>
  <size>
    <width>608</width>
    <height>1080</height>
    <depth></depth>
  </size>
  <segmented>0</segmented>
  <object>
    <name>100f</name>
    <truncated>0</truncated>
    <occluded>0</occluded>
    <difficult>0</difficult>
    <bndbox>
      <xmin>161.12</xmin>
      <ymin>585.27</ymin>
      <xmax>398.44</xmax>
      <ymax>842.7</ymax>
    </bndbox>
  </object>
</annotation>
