<annotation>
  <folder></folder>
  <filename>IMG-20210617-WA0410.jpg</filename>
  <source>
    <database>Unknown</database>
    <annotation>Unknown</annotation>
    <image>Unknown</image>
  </source>
  <size>
    <width>810</width>
    <height>1080</height>
    <depth></depth>
  </size>
  <segmented>0</segmented>
  <object>
    <name>5f</name>
    <truncated>0</truncated>
    <occluded>0</occluded>
    <difficult>0</difficult>
    <bndbox>
      <xmin>236.13</xmin>
      <ymin>450.53</ymin>
      <xmax>525.74</xmax>
      <ymax>760.25</ymax>
    </bndbox>
  </object>
</annotation>
