<annotation>
  <folder></folder>
  <filename>IMG-20210617-WA0413.jpg</filename>
  <source>
    <database>Unknown</database>
    <annotation>Unknown</annotation>
    <image>Unknown</image>
  </source>
  <size>
    <width>810</width>
    <height>1080</height>
    <depth></depth>
  </size>
  <segmented>0</segmented>
  <object>
    <name>5f</name>
    <truncated>0</truncated>
    <occluded>0</occluded>
    <difficult>0</difficult>
    <bndbox>
      <xmin>222.06</xmin>
      <ymin>406.28</ymin>
      <xmax>505.63</xmax>
      <ymax>647.62</ymax>
    </bndbox>
  </object>
</annotation>
