<annotation>
  <folder></folder>
  <filename>IMG-20210617-WA0576.jpg</filename>
  <source>
    <database>Unknown</database>
    <annotation>Unknown</annotation>
    <image>Unknown</image>
  </source>
  <size>
    <width>810</width>
    <height>1080</height>
    <depth></depth>
  </size>
  <segmented>0</segmented>
  <object>
    <name>50f</name>
    <truncated>0</truncated>
    <occluded>0</occluded>
    <difficult>0</difficult>
    <bndbox>
      <xmin>316.58</xmin>
      <ymin>589.3</ymin>
      <xmax>600.16</xmax>
      <ymax>868.85</ymax>
    </bndbox>
  </object>
</annotation>
