<annotation>
  <folder></folder>
  <filename>IMG-20210617-WA0372.jpg</filename>
  <source>
    <database>Unknown</database>
    <annotation>Unknown</annotation>
    <image>Unknown</image>
  </source>
  <size>
    <width>810</width>
    <height>1080</height>
    <depth></depth>
  </size>
  <segmented>0</segmented>
  <object>
    <name>10f</name>
    <truncated>0</truncated>
    <occluded>0</occluded>
    <difficult>0</difficult>
    <bndbox>
      <xmin>332.67</xmin>
      <ymin>713.99</ymin>
      <xmax>509.65</xmax>
      <ymax>899.02</ymax>
    </bndbox>
  </object>
</annotation>
