<annotation>
  <folder></folder>
  <filename>IMG-20210617-WA0302.jpg</filename>
  <source>
    <database>Unknown</database>
    <annotation>Unknown</annotation>
    <image>Unknown</image>
  </source>
  <size>
    <width>810</width>
    <height>1080</height>
    <depth></depth>
  </size>
  <segmented>0</segmented>
  <object>
    <name>100f</name>
    <truncated>0</truncated>
    <occluded>0</occluded>
    <difficult>0</difficult>
    <bndbox>
      <xmin>388.98</xmin>
      <ymin>557.12</ymin>
      <xmax>495.58</xmax>
      <ymax>653.65</ymax>
    </bndbox>
  </object>
  <object>
    <name>500f</name>
    <truncated>0</truncated>
    <occluded>0</occluded>
    <difficult>0</difficult>
    <bndbox>
      <xmin>157.7</xmin>
      <ymin>539.02</ymin>
      <xmax>280.38</xmax>
      <ymax>651.64</ymax>
    </bndbox>
  </object>
  <object>
    <name>200f</name>
    <truncated>0</truncated>
    <occluded>0</occluded>
    <difficult>0</difficult>
    <bndbox>
      <xmin>218.03</xmin>
      <ymin>691.87</ymin>
      <xmax>346.75</xmax>
      <ymax>806.5</ymax>
    </bndbox>
  </object>
  <object>
    <name>200f</name>
    <truncated>0</truncated>
    <occluded>0</occluded>
    <difficult>0</difficult>
    <bndbox>
      <xmin>324.63</xmin>
      <ymin>436.45</ymin>
      <xmax>429.21</xmax>
      <ymax>508.85</ymax>
    </bndbox>
  </object>
  <object>
    <name>200f</name>
    <truncated>0</truncated>
    <occluded>0</occluded>
    <difficult>0</difficult>
    <bndbox>
      <xmin>0.0</xmin>
      <ymin>468.63</ymin>
      <xmax>101.39</xmax>
      <ymax>565.16</ymax>
    </bndbox>
  </object>
  <object>
    <name>200f</name>
    <truncated>0</truncated>
    <occluded>0</occluded>
    <difficult>0</difficult>
    <bndbox>
      <xmin>193.9</xmin>
      <ymin>410.3</ymin>
      <xmax>300.49</xmax>
      <ymax>496.78</ymax>
    </bndbox>
  </object>
  <object>
    <name>100f</name>
    <truncated>0</truncated>
    <occluded>0</occluded>
    <difficult>0</difficult>
    <bndbox>
      <xmin>356.8</xmin>
      <ymin>339.91</ymin>
      <xmax>441.27</xmax>
      <ymax>410.3</ymax>
    </bndbox>
  </object>
  <object>
    <name>100f</name>
    <truncated>0</truncated>
    <occluded>0</occluded>
    <difficult>0</difficult>
    <bndbox>
      <xmin>467.42</xmin>
      <ymin>685.83</ymin>
      <xmax>590.1</xmax>
      <ymax>802.48</ymax>
    </bndbox>
  </object>
  <object>
    <name>5f</name>
    <truncated>0</truncated>
    <occluded>0</occluded>
    <difficult>0</difficult>
    <bndbox>
      <xmin>618.26</xmin>
      <ymin>659.69</ymin>
      <xmax>724.85</xmax>
      <ymax>754.21</ymax>
    </bndbox>
  </object>
  <object>
    <name>10f</name>
    <truncated>0</truncated>
    <occluded>0</occluded>
    <difficult>0</difficult>
    <bndbox>
      <xmin>274.35</xmin>
      <ymin>498.79</ymin>
      <xmax>364.85</xmax>
      <ymax>585.27</ymax>
    </bndbox>
  </object>
  <object>
    <name>10f</name>
    <truncated>0</truncated>
    <occluded>0</occluded>
    <difficult>0</difficult>
    <bndbox>
      <xmin>119.49</xmin>
      <ymin>337.9</ymin>
      <xmax>209.99</xmax>
      <ymax>414.32</ymax>
    </bndbox>
  </object>
  <object>
    <name>10f</name>
    <truncated>0</truncated>
    <occluded>0</occluded>
    <difficult>0</difficult>
    <bndbox>
      <xmin>290.44</xmin>
      <ymin>261.47</ymin>
      <xmax>386.97</xmax>
      <ymax>327.84</ymax>
    </bndbox>
  </object>
  <object>
    <name>10f</name>
    <truncated>0</truncated>
    <occluded>0</occluded>
    <difficult>0</difficult>
    <bndbox>
      <xmin>451.33</xmin>
      <ymin>412.31</ymin>
      <xmax>547.87</xmax>
      <ymax>482.7</ymax>
    </bndbox>
  </object>
  <object>
    <name>10f</name>
    <truncated>0</truncated>
    <occluded>0</occluded>
    <difficult>0</difficult>
    <bndbox>
      <xmin>626.3</xmin>
      <ymin>492.76</ymin>
      <xmax>720.83</xmax>
      <ymax>577.23</ymax>
    </bndbox>
  </object>
</annotation>
