<annotation>
  <folder></folder>
  <filename>IMG-20210617-WA0633.jpg</filename>
  <source>
    <database>Unknown</database>
    <annotation>Unknown</annotation>
    <image>Unknown</image>
  </source>
  <size>
    <width>608</width>
    <height>1080</height>
    <depth></depth>
  </size>
  <segmented>0</segmented>
  <object>
    <name>100f</name>
    <truncated>0</truncated>
    <occluded>0</occluded>
    <difficult>0</difficult>
    <bndbox>
      <xmin>100.78</xmin>
      <ymin>486.73</ymin>
      <xmax>382.35</xmax>
      <ymax>760.25</ymax>
    </bndbox>
  </object>
</annotation>
