<annotation>
  <folder></folder>
  <filename>IMG-20210617-WA0299.jpg</filename>
  <source>
    <database>Unknown</database>
    <annotation>Unknown</annotation>
    <image>Unknown</image>
  </source>
  <size>
    <width>810</width>
    <height>1080</height>
    <depth></depth>
  </size>
  <segmented>0</segmented>
  <object>
    <name>10f</name>
    <truncated>0</truncated>
    <occluded>0</occluded>
    <difficult>0</difficult>
    <bndbox>
      <xmin>481.5</xmin>
      <ymin>410.3</ymin>
      <xmax>565.97</xmax>
      <ymax>498.79</ymax>
    </bndbox>
  </object>
  <object>
    <name>500f</name>
    <truncated>0</truncated>
    <occluded>0</occluded>
    <difficult>0</difficult>
    <bndbox>
      <xmin>181.83</xmin>
      <ymin>545.05</ymin>
      <xmax>304.51</xmax>
      <ymax>655.66</ymax>
    </bndbox>
  </object>
  <object>
    <name>200f</name>
    <truncated>0</truncated>
    <occluded>0</occluded>
    <difficult>0</difficult>
    <bndbox>
      <xmin>356.8</xmin>
      <ymin>442.48</ymin>
      <xmax>451.33</xmax>
      <ymax>514.88</ymax>
    </bndbox>
  </object>
  <object>
    <name>200f</name>
    <truncated>0</truncated>
    <occluded>0</occluded>
    <difficult>0</difficult>
    <bndbox>
      <xmin>216.02</xmin>
      <ymin>416.33</ymin>
      <xmax>318.59</xmax>
      <ymax>490.75</ymax>
    </bndbox>
  </object>
  <object>
    <name>200f</name>
    <truncated>0</truncated>
    <occluded>0</occluded>
    <difficult>0</difficult>
    <bndbox>
      <xmin>254.23</xmin>
      <ymin>707.96</ymin>
      <xmax>382.95</xmax>
      <ymax>834.66</ymax>
    </bndbox>
  </object>
  <object>
    <name>200f</name>
    <truncated>0</truncated>
    <occluded>0</occluded>
    <difficult>0</difficult>
    <bndbox>
      <xmin>0.0</xmin>
      <ymin>478.68</ymin>
      <xmax>123.51</xmax>
      <ymax>571.2</ymax>
    </bndbox>
  </object>
  <object>
    <name>100f</name>
    <truncated>0</truncated>
    <occluded>0</occluded>
    <difficult>0</difficult>
    <bndbox>
      <xmin>374.91</xmin>
      <ymin>337.9</ymin>
      <xmax>467.42</xmax>
      <ymax>418.35</ymax>
    </bndbox>
  </object>
  <object>
    <name>100f</name>
    <truncated>0</truncated>
    <occluded>0</occluded>
    <difficult>0</difficult>
    <bndbox>
      <xmin>417.14</xmin>
      <ymin>571.2</ymin>
      <xmax>527.75</xmax>
      <ymax>661.7</ymax>
    </bndbox>
  </object>
  <object>
    <name>100f</name>
    <truncated>0</truncated>
    <occluded>0</occluded>
    <difficult>0</difficult>
    <bndbox>
      <xmin>505.63</xmin>
      <ymin>711.98</ymin>
      <xmax>636.36</xmax>
      <ymax>818.57</ymax>
    </bndbox>
  </object>
  <object>
    <name>10f</name>
    <truncated>0</truncated>
    <occluded>0</occluded>
    <difficult>0</difficult>
    <bndbox>
      <xmin>658.48</xmin>
      <ymin>498.79</ymin>
      <xmax>750.99</xmax>
      <ymax>587.28</ymax>
    </bndbox>
  </object>
  <object>
    <name>10f</name>
    <truncated>0</truncated>
    <occluded>0</occluded>
    <difficult>0</difficult>
    <bndbox>
      <xmin>302.5</xmin>
      <ymin>257.45</ymin>
      <xmax>407.08</xmax>
      <ymax>331.87</ymax>
    </bndbox>
  </object>
  <object>
    <name>10f</name>
    <truncated>0</truncated>
    <occluded>0</occluded>
    <difficult>0</difficult>
    <bndbox>
      <xmin>123.51</xmin>
      <ymin>333.88</ymin>
      <xmax>228.09</xmax>
      <ymax>410.3</ymax>
    </bndbox>
  </object>
  <object>
    <name>10f</name>
    <truncated>0</truncated>
    <occluded>0</occluded>
    <difficult>0</difficult>
    <bndbox>
      <xmin>292.45</xmin>
      <ymin>502.82</ymin>
      <xmax>399.04</xmax>
      <ymax>583.26</ymax>
    </bndbox>
  </object>
  <object>
    <name>5f</name>
    <truncated>0</truncated>
    <occluded>0</occluded>
    <difficult>0</difficult>
    <bndbox>
      <xmin>654.46</xmin>
      <ymin>675.78</ymin>
      <xmax>773.12</xmax>
      <ymax>774.32</ymax>
    </bndbox>
  </object>
</annotation>
