<annotation>
  <folder></folder>
  <filename>IMG-20210617-WA0278.jpg</filename>
  <source>
    <database>Unknown</database>
    <annotation>Unknown</annotation>
    <image>Unknown</image>
  </source>
  <size>
    <width>810</width>
    <height>1080</height>
    <depth></depth>
  </size>
  <segmented>0</segmented>
  <object>
    <name>5f</name>
    <truncated>0</truncated>
    <occluded>0</occluded>
    <difficult>0</difficult>
    <bndbox>
      <xmin>493.85</xmin>
      <ymin>700.34</ymin>
      <xmax>567.56</xmax>
      <ymax>769.2</ymax>
    </bndbox>
  </object>
  <object>
    <name>500f</name>
    <truncated>0</truncated>
    <occluded>0</occluded>
    <difficult>0</difficult>
    <bndbox>
      <xmin>309.57</xmin>
      <ymin>457.86</ymin>
      <xmax>389.1</xmax>
      <ymax>537.39</ymax>
    </bndbox>
  </object>
  <object>
    <name>200f</name>
    <truncated>0</truncated>
    <occluded>0</occluded>
    <difficult>0</difficult>
    <bndbox>
      <xmin>252.34</xmin>
      <ymin>356.02</ymin>
      <xmax>334.78</xmax>
      <ymax>435.56</ymax>
    </bndbox>
  </object>
  <object>
    <name>200f</name>
    <truncated>0</truncated>
    <occluded>0</occluded>
    <difficult>0</difficult>
    <bndbox>
      <xmin>465.72</xmin>
      <ymin>447.19</ymin>
      <xmax>530.7</xmax>
      <ymax>513.15</ymax>
    </bndbox>
  </object>
  <object>
    <name>200f</name>
    <truncated>0</truncated>
    <occluded>0</occluded>
    <difficult>0</difficult>
    <bndbox>
      <xmin>397.83</xmin>
      <ymin>376.39</ymin>
      <xmax>463.78</xmax>
      <ymax>448.16</ymax>
    </bndbox>
  </object>
  <object>
    <name>200f</name>
    <truncated>0</truncated>
    <occluded>0</occluded>
    <difficult>0</difficult>
    <bndbox>
      <xmin>279.5</xmin>
      <ymin>563.58</ymin>
      <xmax>357.09</xmax>
      <ymax>643.11</ymax>
    </bndbox>
  </object>
  <object>
    <name>100f</name>
    <truncated>0</truncated>
    <occluded>0</occluded>
    <difficult>0</difficult>
    <bndbox>
      <xmin>532.64</xmin>
      <ymin>374.45</ymin>
      <xmax>614.11</xmax>
      <ymax>447.19</ymax>
    </bndbox>
  </object>
  <object>
    <name>100f</name>
    <truncated>0</truncated>
    <occluded>0</occluded>
    <difficult>0</difficult>
    <bndbox>
      <xmin>397.83</xmin>
      <ymin>647.96</ymin>
      <xmax>472.51</xmax>
      <ymax>726.52</ymax>
    </bndbox>
  </object>
  <object>
    <name>100f</name>
    <truncated>0</truncated>
    <occluded>0</occluded>
    <difficult>0</difficult>
    <bndbox>
      <xmin>419.16</xmin>
      <ymin>549.03</ymin>
      <xmax>493.85</xmax>
      <ymax>623.72</ymax>
    </bndbox>
  </object>
  <object>
    <name>10f</name>
    <truncated>0</truncated>
    <occluded>0</occluded>
    <difficult>0</difficult>
    <bndbox>
      <xmin>554.95</xmin>
      <ymin>288.13</ymin>
      <xmax>622.84</xmax>
      <ymax>358.93</ymax>
    </bndbox>
  </object>
  <object>
    <name>10f</name>
    <truncated>0</truncated>
    <occluded>0</occluded>
    <difficult>0</difficult>
    <bndbox>
      <xmin>384.25</xmin>
      <ymin>292.98</ymin>
      <xmax>456.02</xmax>
      <ymax>360.87</ymax>
    </bndbox>
  </object>
  <object>
    <name>10f</name>
    <truncated>0</truncated>
    <occluded>0</occluded>
    <difficult>0</difficult>
    <bndbox>
      <xmin>392.01</xmin>
      <ymin>465.62</ymin>
      <xmax>463.78</xmax>
      <ymax>533.51</ymax>
    </bndbox>
  </object>
  <object>
    <name>10f</name>
    <truncated>0</truncated>
    <occluded>0</occluded>
    <difficult>0</difficult>
    <bndbox>
      <xmin>558.83</xmin>
      <ymin>468.53</ymin>
      <xmax>635.45</xmax>
      <ymax>546.12</ymax>
    </bndbox>
  </object>
  <object>
    <name>10f</name>
    <truncated>0</truncated>
    <occluded>0</occluded>
    <difficult>0</difficult>
    <bndbox>
      <xmin>611.2</xmin>
      <ymin>606.26</ymin>
      <xmax>687.82</xmax>
      <ymax>681.91</ymax>
    </bndbox>
  </object>
</annotation>
