<annotation>
  <folder></folder>
  <filename>IMG-20210617-WA0529.jpg</filename>
  <source>
    <database>Unknown</database>
    <annotation>Unknown</annotation>
    <image>Unknown</image>
  </source>
  <size>
    <width>810</width>
    <height>1080</height>
    <depth></depth>
  </size>
  <segmented>0</segmented>
  <object>
    <name>50f</name>
    <truncated>0</truncated>
    <occluded>0</occluded>
    <difficult>0</difficult>
    <bndbox>
      <xmin>306.53</xmin>
      <ymin>555.11</ymin>
      <xmax>469.43</xmax>
      <ymax>720.02</ymax>
    </bndbox>
  </object>
</annotation>
