<annotation>
  <folder></folder>
  <filename>IMG-20210617-WA0328.jpg</filename>
  <source>
    <database>Unknown</database>
    <annotation>Unknown</annotation>
    <image>Unknown</image>
  </source>
  <size>
    <width>810</width>
    <height>1080</height>
    <depth></depth>
  </size>
  <segmented>0</segmented>
  <object>
    <name>100f</name>
    <truncated>0</truncated>
    <occluded>0</occluded>
    <difficult>0</difficult>
    <bndbox>
      <xmin>201.94</xmin>
      <ymin>581.25</ymin>
      <xmax>368.87</xmax>
      <ymax>762.26</ymax>
    </bndbox>
  </object>
</annotation>
