<annotation>
  <folder></folder>
  <filename>IMG-20210617-WA0346.jpg</filename>
  <source>
    <database>Unknown</database>
    <annotation>Unknown</annotation>
    <image>Unknown</image>
  </source>
  <size>
    <width>810</width>
    <height>1080</height>
    <depth></depth>
  </size>
  <segmented>0</segmented>
  <object>
    <name>500f</name>
    <truncated>0</truncated>
    <occluded>0</occluded>
    <difficult>0</difficult>
    <bndbox>
      <xmin>155.69</xmin>
      <ymin>426.39</ymin>
      <xmax>409.1</xmax>
      <ymax>659.69</ymax>
    </bndbox>
  </object>
</annotation>
