<annotation>
  <folder></folder>
  <filename>IMG-20210617-WA0425.jpg</filename>
  <source>
    <database>Unknown</database>
    <annotation>Unknown</annotation>
    <image>Unknown</image>
  </source>
  <size>
    <width>810</width>
    <height>1080</height>
    <depth></depth>
  </size>
  <segmented>0</segmented>
  <object>
    <name>5f</name>
    <truncated>0</truncated>
    <occluded>0</occluded>
    <difficult>0</difficult>
    <bndbox>
      <xmin>282.39</xmin>
      <ymin>474.66</ymin>
      <xmax>483.51</xmax>
      <ymax>669.74</ymax>
    </bndbox>
  </object>
</annotation>
