<annotation>
  <folder></folder>
  <filename>IMG-20210617-WA0378.jpg</filename>
  <source>
    <database>Unknown</database>
    <annotation>Unknown</annotation>
    <image>Unknown</image>
  </source>
  <size>
    <width>810</width>
    <height>1080</height>
    <depth></depth>
  </size>
  <segmented>0</segmented>
  <object>
    <name>10f</name>
    <truncated>0</truncated>
    <occluded>0</occluded>
    <difficult>0</difficult>
    <bndbox>
      <xmin>228.09</xmin>
      <ymin>500.8</ymin>
      <xmax>405.07</xmax>
      <ymax>675.78</ymax>
    </bndbox>
  </object>
</annotation>
