<annotation>
  <folder></folder>
  <filename>IMG-20210617-WA0505.jpg</filename>
  <source>
    <database>Unknown</database>
    <annotation>Unknown</annotation>
    <image>Unknown</image>
  </source>
  <size>
    <width>608</width>
    <height>1080</height>
    <depth></depth>
  </size>
  <segmented>0</segmented>
  <object>
    <name>50f</name>
    <truncated>0</truncated>
    <occluded>0</occluded>
    <difficult>0</difficult>
    <bndbox>
      <xmin>201.34</xmin>
      <ymin>468.63</ymin>
      <xmax>438.66</xmax>
      <ymax>695.89</ymax>
    </bndbox>
  </object>
</annotation>
