<annotation>
  <folder></folder>
  <filename>IMG-20210617-WA0401.jpg</filename>
  <source>
    <database>Unknown</database>
    <annotation>Unknown</annotation>
    <image>Unknown</image>
  </source>
  <size>
    <width>810</width>
    <height>1080</height>
    <depth></depth>
  </size>
  <segmented>0</segmented>
  <object>
    <name>5f</name>
    <truncated>0</truncated>
    <occluded>0</occluded>
    <difficult>0</difficult>
    <bndbox>
      <xmin>258.26</xmin>
      <ymin>526.95</ymin>
      <xmax>523.73</xmax>
      <ymax>808.51</ymax>
    </bndbox>
  </object>
</annotation>
