<annotation>
  <folder></folder>
  <filename>IMG-20210617-WA0342.jpg</filename>
  <source>
    <database>Unknown</database>
    <annotation>Unknown</annotation>
    <image>Unknown</image>
  </source>
  <size>
    <width>810</width>
    <height>1080</height>
    <depth></depth>
  </size>
  <segmented>0</segmented>
  <object>
    <name>500f</name>
    <truncated>0</truncated>
    <occluded>0</occluded>
    <difficult>0</difficult>
    <bndbox>
      <xmin>441.27</xmin>
      <ymin>681.81</ymin>
      <xmax>638.37</xmax>
      <ymax>880.92</ymax>
    </bndbox>
  </object>
</annotation>
