<annotation>
  <folder></folder>
  <filename>IMG-20210617-WA0344.jpg</filename>
  <source>
    <database>Unknown</database>
    <annotation>Unknown</annotation>
    <image>Unknown</image>
  </source>
  <size>
    <width>810</width>
    <height>1080</height>
    <depth></depth>
  </size>
  <segmented>0</segmented>
  <object>
    <name>500f</name>
    <truncated>0</truncated>
    <occluded>0</occluded>
    <difficult>0</difficult>
    <bndbox>
      <xmin>310.55</xmin>
      <ymin>748.18</ymin>
      <xmax>495.58</xmax>
      <ymax>937.23</ymax>
    </bndbox>
  </object>
</annotation>
