<annotation>
  <folder></folder>
  <filename>IMG-20210617-WA0513.jpg</filename>
  <source>
    <database>Unknown</database>
    <annotation>Unknown</annotation>
    <image>Unknown</image>
  </source>
  <size>
    <width>1080</width>
    <height>608</height>
    <depth></depth>
  </size>
  <segmented>0</segmented>
  <object>
    <name>50f</name>
    <truncated>0</truncated>
    <occluded>0</occluded>
    <difficult>0</difficult>
    <bndbox>
      <xmin>380.4</xmin>
      <ymin>139.24</ymin>
      <xmax>691.76</xmax>
      <ymax>442.67</ymax>
    </bndbox>
  </object>
</annotation>
