<annotation>
  <folder></folder>
  <filename>IMG-20210617-WA0368.jpg</filename>
  <source>
    <database>Unknown</database>
    <annotation>Unknown</annotation>
    <image>Unknown</image>
  </source>
  <size>
    <width>810</width>
    <height>1080</height>
    <depth></depth>
  </size>
  <segmented>0</segmented>
  <object>
    <name>200f</name>
    <truncated>0</truncated>
    <occluded>0</occluded>
    <difficult>0</difficult>
    <bndbox>
      <xmin>252.22</xmin>
      <ymin>778.35</ymin>
      <xmax>435.24</xmax>
      <ymax>957.34</ymax>
    </bndbox>
  </object>
</annotation>
