<annotation>
  <folder></folder>
  <filename>IMG-20210617-WA0275.jpg</filename>
  <source>
    <database>Unknown</database>
    <annotation>Unknown</annotation>
    <image>Unknown</image>
  </source>
  <size>
    <width>810</width>
    <height>1080</height>
    <depth></depth>
  </size>
  <segmented>0</segmented>
  <object>
    <name>5f</name>
    <truncated>0</truncated>
    <occluded>0</occluded>
    <difficult>0</difficult>
    <bndbox>
      <xmin>395.02</xmin>
      <ymin>798.46</ymin>
      <xmax>465.41</xmax>
      <ymax>878.9</ymax>
    </bndbox>
  </object>
  <object>
    <name>500f</name>
    <truncated>0</truncated>
    <occluded>0</occluded>
    <difficult>0</difficult>
    <bndbox>
      <xmin>220.77</xmin>
      <ymin>537.6</ymin>
      <xmax>301.6</xmax>
      <ymax>610.35</ymax>
    </bndbox>
  </object>
  <object>
    <name>200f</name>
    <truncated>0</truncated>
    <occluded>0</occluded>
    <difficult>0</difficult>
    <bndbox>
      <xmin>185.21</xmin>
      <ymin>430.92</ymin>
      <xmax>246.64</xmax>
      <ymax>493.96</ymax>
    </bndbox>
  </object>
  <object>
    <name>200f</name>
    <truncated>0</truncated>
    <occluded>0</occluded>
    <difficult>0</difficult>
    <bndbox>
      <xmin>321.8</xmin>
      <ymin>459.21</ymin>
      <xmax>388.08</xmax>
      <ymax>523.06</ymax>
    </bndbox>
  </object>
  <object>
    <name>200f</name>
    <truncated>0</truncated>
    <occluded>0</occluded>
    <difficult>0</difficult>
    <bndbox>
      <xmin>384.04</xmin>
      <ymin>526.29</ymin>
      <xmax>446.27</xmax>
      <ymax>594.99</ymax>
    </bndbox>
  </object>
  <object>
    <name>200f</name>
    <truncated>0</truncated>
    <occluded>0</occluded>
    <difficult>0</difficult>
    <bndbox>
      <xmin>186.02</xmin>
      <ymin>648.33</ymin>
      <xmax>255.53</xmax>
      <ymax>716.23</ymax>
    </bndbox>
  </object>
  <object>
    <name>100f</name>
    <truncated>0</truncated>
    <occluded>0</occluded>
    <difficult>0</difficult>
    <bndbox>
      <xmin>463.25</xmin>
      <ymin>460.82</ymin>
      <xmax>539.22</xmax>
      <ymax>540.84</ymax>
    </bndbox>
  </object>
  <object>
    <name>100f</name>
    <truncated>0</truncated>
    <occluded>0</occluded>
    <difficult>0</difficult>
    <bndbox>
      <xmin>333.93</xmin>
      <ymin>637.83</ymin>
      <xmax>404.24</xmax>
      <ymax>713.8</ymax>
    </bndbox>
  </object>
  <object>
    <name>100f</name>
    <truncated>0</truncated>
    <occluded>0</occluded>
    <difficult>0</difficult>
    <bndbox>
      <xmin>297.56</xmin>
      <ymin>739.67</ymin>
      <xmax>374.34</xmax>
      <ymax>819.68</ymax>
    </bndbox>
  </object>
  <object>
    <name>10f</name>
    <truncated>0</truncated>
    <occluded>0</occluded>
    <difficult>0</difficult>
    <bndbox>
      <xmin>314.4</xmin>
      <ymin>368.72</ymin>
      <xmax>390.34</xmax>
      <ymax>432.33</ymax>
    </bndbox>
  </object>
  <object>
    <name>10f</name>
    <truncated>0</truncated>
    <occluded>0</occluded>
    <difficult>0</difficult>
    <bndbox>
      <xmin>491.4</xmin>
      <ymin>369.37</ymin>
      <xmax>554.35</xmax>
      <ymax>433.63</ymax>
    </bndbox>
  </object>
  <object>
    <name>10f</name>
    <truncated>0</truncated>
    <occluded>0</occluded>
    <difficult>0</difficult>
    <bndbox>
      <xmin>311.66</xmin>
      <ymin>548.03</ymin>
      <xmax>371.7</xmax>
      <ymax>610.23</ymax>
    </bndbox>
  </object>
  <object>
    <name>10f</name>
    <truncated>0</truncated>
    <occluded>0</occluded>
    <difficult>0</difficult>
    <bndbox>
      <xmin>480.26</xmin>
      <ymin>565.01</ymin>
      <xmax>552.67</xmax>
      <ymax>635.4</ymax>
    </bndbox>
  </object>
  <object>
    <name>10f</name>
    <truncated>0</truncated>
    <occluded>0</occluded>
    <difficult>0</difficult>
    <bndbox>
      <xmin>521.72</xmin>
      <ymin>709.97</ymin>
      <xmax>596.13</xmax>
      <ymax>786.39</ymax>
    </bndbox>
  </object>
</annotation>
