<annotation>
  <folder></folder>
  <filename>IMG-20210617-WA0345.jpg</filename>
  <source>
    <database>Unknown</database>
    <annotation>Unknown</annotation>
    <image>Unknown</image>
  </source>
  <size>
    <width>810</width>
    <height>1080</height>
    <depth></depth>
  </size>
  <segmented>0</segmented>
  <object>
    <name>500f</name>
    <truncated>0</truncated>
    <occluded>0</occluded>
    <difficult>0</difficult>
    <bndbox>
      <xmin>183.84</xmin>
      <ymin>378.12</ymin>
      <xmax>431.22</xmax>
      <ymax>605.39</ymax>
    </bndbox>
  </object>
</annotation>
