<annotation>
  <folder></folder>
  <filename>IMG-20210617-WA0268.jpg</filename>
  <source>
    <database>Unknown</database>
    <annotation>Unknown</annotation>
    <image>Unknown</image>
  </source>
  <size>
    <width>810</width>
    <height>1080</height>
    <depth></depth>
  </size>
  <segmented>0</segmented>
  <object>
    <name>10f</name>
    <truncated>0</truncated>
    <occluded>0</occluded>
    <difficult>0</difficult>
    <bndbox>
      <xmin>311.01</xmin>
      <ymin>317.9</ymin>
      <xmax>376.12</xmax>
      <ymax>385.2</ymax>
    </bndbox>
  </object>
  <object>
    <name>10f</name>
    <truncated>0</truncated>
    <occluded>0</occluded>
    <difficult>0</difficult>
    <bndbox>
      <xmin>487.44</xmin>
      <ymin>320.21</ymin>
      <xmax>548.0</xmax>
      <ymax>390.87</ymax>
    </bndbox>
  </object>
  <object>
    <name>10f</name>
    <truncated>0</truncated>
    <occluded>0</occluded>
    <difficult>0</difficult>
    <bndbox>
      <xmin>476.22</xmin>
      <ymin>524.34</ymin>
      <xmax>545.76</xmax>
      <ymax>590.51</ymax>
    </bndbox>
  </object>
  <object>
    <name>10f</name>
    <truncated>0</truncated>
    <occluded>0</occluded>
    <difficult>0</difficult>
    <bndbox>
      <xmin>510.99</xmin>
      <ymin>664.54</ymin>
      <xmax>589.5</xmax>
      <ymax>743.04</ymax>
    </bndbox>
  </object>
  <object>
    <name>10f</name>
    <truncated>0</truncated>
    <occluded>0</occluded>
    <difficult>0</difficult>
    <bndbox>
      <xmin>388.74</xmin>
      <ymin>754.26</ymin>
      <xmax>458.28</xmax>
      <ymax>828.28</ymax>
    </bndbox>
  </object>
  <object>
    <name>200f</name>
    <truncated>0</truncated>
    <occluded>0</occluded>
    <difficult>0</difficult>
    <bndbox>
      <xmin>309.11</xmin>
      <ymin>414.43</ymin>
      <xmax>384.26</xmax>
      <ymax>481.72</ymax>
    </bndbox>
  </object>
  <object>
    <name>100f</name>
    <truncated>0</truncated>
    <occluded>0</occluded>
    <difficult>0</difficult>
    <bndbox>
      <xmin>288.92</xmin>
      <ymin>700.43</ymin>
      <xmax>367.43</xmax>
      <ymax>778.94</ymax>
    </bndbox>
  </object>
  <object>
    <name>100f</name>
    <truncated>0</truncated>
    <occluded>0</occluded>
    <difficult>0</difficult>
    <bndbox>
      <xmin>451.55</xmin>
      <ymin>412.18</ymin>
      <xmax>539.03</xmax>
      <ymax>498.54</ymax>
    </bndbox>
  </object>
  <object>
    <name>10f</name>
    <truncated>0</truncated>
    <occluded>0</occluded>
    <difficult>0</difficult>
    <bndbox>
      <xmin>303.5</xmin>
      <ymin>501.91</ymin>
      <xmax>368.55</xmax>
      <ymax>579.3</ymax>
    </bndbox>
  </object>
  <object>
    <name>200f</name>
    <truncated>0</truncated>
    <occluded>0</occluded>
    <difficult>0</difficult>
    <bndbox>
      <xmin>370.8</xmin>
      <ymin>486.21</ymin>
      <xmax>447.06</xmax>
      <ymax>556.87</ymax>
    </bndbox>
  </object>
  <object>
    <name>500f</name>
    <truncated>0</truncated>
    <occluded>0</occluded>
    <difficult>0</difficult>
    <bndbox>
      <xmin>211.53</xmin>
      <ymin>489.57</ymin>
      <xmax>292.29</xmax>
      <ymax>579.3</ymax>
    </bndbox>
  </object>
  <object>
    <name>100f</name>
    <truncated>0</truncated>
    <occluded>0</occluded>
    <difficult>0</difficult>
    <bndbox>
      <xmin>323.69</xmin>
      <ymin>592.75</ymin>
      <xmax>397.71</xmax>
      <ymax>677.99</ymax>
    </bndbox>
  </object>
  <object>
    <name>200f</name>
    <truncated>0</truncated>
    <occluded>0</occluded>
    <difficult>0</difficult>
    <bndbox>
      <xmin>168.92</xmin>
      <ymin>601.73</ymin>
      <xmax>249.67</xmax>
      <ymax>680.24</ymax>
    </bndbox>
  </object>
  <object>
    <name>200f</name>
    <truncated>0</truncated>
    <occluded>0</occluded>
    <difficult>0</difficult>
    <bndbox>
      <xmin>170.04</xmin>
      <ymin>384.14</ymin>
      <xmax>239.57</xmax>
      <ymax>449.19</ymax>
    </bndbox>
  </object>
</annotation>
