<annotation>
  <folder></folder>
  <filename>IMG-20210617-WA0270.jpg</filename>
  <source>
    <database>Unknown</database>
    <annotation>Unknown</annotation>
    <image>Unknown</image>
  </source>
  <size>
    <width>810</width>
    <height>1080</height>
    <depth></depth>
  </size>
  <segmented>0</segmented>
  <object>
    <name>5f</name>
    <truncated>0</truncated>
    <occluded>0</occluded>
    <difficult>0</difficult>
    <bndbox>
      <xmin>382.95</xmin>
      <ymin>760.25</ymin>
      <xmax>451.33</xmax>
      <ymax>836.67</ymax>
    </bndbox>
  </object>
  <object>
    <name>10f</name>
    <truncated>0</truncated>
    <occluded>0</occluded>
    <difficult>0</difficult>
    <bndbox>
      <xmin>511.67</xmin>
      <ymin>661.7</ymin>
      <xmax>582.06</xmax>
      <ymax>746.17</ymax>
    </bndbox>
  </object>
  <object>
    <name>10f</name>
    <truncated>0</truncated>
    <occluded>0</occluded>
    <difficult>0</difficult>
    <bndbox>
      <xmin>471.44</xmin>
      <ymin>524.94</ymin>
      <xmax>539.82</xmax>
      <ymax>601.36</ymax>
    </bndbox>
  </object>
  <object>
    <name>10f</name>
    <truncated>0</truncated>
    <occluded>0</occluded>
    <difficult>0</difficult>
    <bndbox>
      <xmin>479.49</xmin>
      <ymin>317.79</ymin>
      <xmax>545.86</xmax>
      <ymax>400.25</ymax>
    </bndbox>
  </object>
  <object>
    <name>10f</name>
    <truncated>0</truncated>
    <occluded>0</occluded>
    <difficult>0</difficult>
    <bndbox>
      <xmin>300.49</xmin>
      <ymin>321.81</ymin>
      <xmax>364.85</xmax>
      <ymax>386.17</ymax>
    </bndbox>
  </object>
  <object>
    <name>10f</name>
    <truncated>0</truncated>
    <occluded>0</occluded>
    <difficult>0</difficult>
    <bndbox>
      <xmin>296.47</xmin>
      <ymin>500.8</ymin>
      <xmax>356.8</xmax>
      <ymax>571.2</ymax>
    </bndbox>
  </object>
  <object>
    <name>100f</name>
    <truncated>0</truncated>
    <occluded>0</occluded>
    <difficult>0</difficult>
    <bndbox>
      <xmin>278.37</xmin>
      <ymin>699.91</ymin>
      <xmax>362.84</xmax>
      <ymax>782.37</ymax>
    </bndbox>
  </object>
  <object>
    <name>100f</name>
    <truncated>0</truncated>
    <occluded>0</occluded>
    <difficult>0</difficult>
    <bndbox>
      <xmin>314.57</xmin>
      <ymin>591.31</ymin>
      <xmax>386.97</xmax>
      <ymax>675.78</ymax>
    </bndbox>
  </object>
  <object>
    <name>100f</name>
    <truncated>0</truncated>
    <occluded>0</occluded>
    <difficult>0</difficult>
    <bndbox>
      <xmin>449.32</xmin>
      <ymin>416.33</ymin>
      <xmax>527.75</xmax>
      <ymax>498.79</ymax>
    </bndbox>
  </object>
  <object>
    <name>200f</name>
    <truncated>0</truncated>
    <occluded>0</occluded>
    <difficult>0</difficult>
    <bndbox>
      <xmin>167.75</xmin>
      <ymin>603.37</ymin>
      <xmax>238.14</xmax>
      <ymax>685.83</ymax>
    </bndbox>
  </object>
  <object>
    <name>200f</name>
    <truncated>0</truncated>
    <occluded>0</occluded>
    <difficult>0</difficult>
    <bndbox>
      <xmin>304.51</xmin>
      <ymin>414.32</ymin>
      <xmax>372.89</xmax>
      <ymax>484.72</ymax>
    </bndbox>
  </object>
  <object>
    <name>200f</name>
    <truncated>0</truncated>
    <occluded>0</occluded>
    <difficult>0</difficult>
    <bndbox>
      <xmin>362.84</xmin>
      <ymin>486.73</ymin>
      <xmax>435.24</xmax>
      <ymax>561.14</ymax>
    </bndbox>
  </object>
  <object>
    <name>200f</name>
    <truncated>0</truncated>
    <occluded>0</occluded>
    <difficult>0</difficult>
    <bndbox>
      <xmin>157.7</xmin>
      <ymin>382.14</ymin>
      <xmax>230.1</xmax>
      <ymax>452.54</ymax>
    </bndbox>
  </object>
  <object>
    <name>500f</name>
    <truncated>0</truncated>
    <occluded>0</occluded>
    <difficult>0</difficult>
    <bndbox>
      <xmin>201.94</xmin>
      <ymin>486.73</ymin>
      <xmax>288.42</xmax>
      <ymax>575.22</ymax>
    </bndbox>
  </object>
</annotation>
