<annotation>
  <folder></folder>
  <filename>IMG-20210617-WA0307.jpg</filename>
  <source>
    <database>Unknown</database>
    <annotation>Unknown</annotation>
    <image>Unknown</image>
  </source>
  <size>
    <width>810</width>
    <height>1080</height>
    <depth></depth>
  </size>
  <segmented>0</segmented>
  <object>
    <name>200f</name>
    <truncated>0</truncated>
    <occluded>0</occluded>
    <difficult>0</difficult>
    <bndbox>
      <xmin>286.41</xmin>
      <ymin>894.99</ymin>
      <xmax>397.03</xmax>
      <ymax>997.56</ymax>
    </bndbox>
  </object>
  <object>
    <name>100f</name>
    <truncated>0</truncated>
    <occluded>0</occluded>
    <difficult>0</difficult>
    <bndbox>
      <xmin>356.8</xmin>
      <ymin>760.25</ymin>
      <xmax>459.37</xmax>
      <ymax>874.88</ymax>
    </bndbox>
  </object>
  <object>
    <name>100f</name>
    <truncated>0</truncated>
    <occluded>0</occluded>
    <difficult>0</difficult>
    <bndbox>
      <xmin>475.46</xmin>
      <ymin>673.77</ymin>
      <xmax>569.99</xmax>
      <ymax>776.34</ymax>
    </bndbox>
  </object>
  <object>
    <name>100f</name>
    <truncated>0</truncated>
    <occluded>0</occluded>
    <difficult>0</difficult>
    <bndbox>
      <xmin>286.41</xmin>
      <ymin>347.96</ymin>
      <xmax>382.95</xmax>
      <ymax>452.54</ymax>
    </bndbox>
  </object>
  <object>
    <name>10f</name>
    <truncated>0</truncated>
    <occluded>0</occluded>
    <difficult>0</difficult>
    <bndbox>
      <xmin>77.25</xmin>
      <ymin>450.53</ymin>
      <xmax>165.74</xmax>
      <ymax>539.02</ymax>
    </bndbox>
  </object>
  <object>
    <name>10f</name>
    <truncated>0</truncated>
    <occluded>0</occluded>
    <difficult>0</difficult>
    <bndbox>
      <xmin>159.71</xmin>
      <ymin>339.91</ymin>
      <xmax>254.23</xmax>
      <ymax>432.42</ymax>
    </bndbox>
  </object>
  <object>
    <name>10f</name>
    <truncated>0</truncated>
    <occluded>0</occluded>
    <difficult>0</difficult>
    <bndbox>
      <xmin>405.07</xmin>
      <ymin>438.46</ymin>
      <xmax>499.6</xmax>
      <ymax>526.95</ymax>
    </bndbox>
  </object>
  <object>
    <name>10f</name>
    <truncated>0</truncated>
    <occluded>0</occluded>
    <difficult>0</difficult>
    <bndbox>
      <xmin>527.75</xmin>
      <ymin>528.96</ymin>
      <xmax>626.3</xmax>
      <ymax>629.52</ymax>
    </bndbox>
  </object>
  <object>
    <name>10f</name>
    <truncated>0</truncated>
    <occluded>0</occluded>
    <difficult>0</difficult>
    <bndbox>
      <xmin>272.33</xmin>
      <ymin>599.35</ymin>
      <xmax>364.85</xmax>
      <ymax>695.89</ymax>
    </bndbox>
  </object>
  <object>
    <name>5f</name>
    <truncated>0</truncated>
    <occluded>0</occluded>
    <difficult>0</difficult>
    <bndbox>
      <xmin>638.37</xmin>
      <ymin>693.88</ymin>
      <xmax>740.94</xmax>
      <ymax>790.41</ymax>
    </bndbox>
  </object>
  <object>
    <name>500f</name>
    <truncated>0</truncated>
    <occluded>0</occluded>
    <difficult>0</difficult>
    <bndbox>
      <xmin>149.65</xmin>
      <ymin>679.8</ymin>
      <xmax>258.26</xmax>
      <ymax>786.39</ymax>
    </bndbox>
  </object>
  <object>
    <name>200f</name>
    <truncated>0</truncated>
    <occluded>0</occluded>
    <difficult>0</difficult>
    <bndbox>
      <xmin>51.11</xmin>
      <ymin>679.8</ymin>
      <xmax>159.71</xmax>
      <ymax>778.35</ymax>
    </bndbox>
  </object>
  <object>
    <name>200f</name>
    <truncated>0</truncated>
    <occluded>0</occluded>
    <difficult>0</difficult>
    <bndbox>
      <xmin>161.72</xmin>
      <ymin>547.06</ymin>
      <xmax>256.25</xmax>
      <ymax>639.58</ymax>
    </bndbox>
  </object>
  <object>
    <name>200f</name>
    <truncated>0</truncated>
    <occluded>0</occluded>
    <difficult>0</difficult>
    <bndbox>
      <xmin>382.95</xmin>
      <ymin>599.35</ymin>
      <xmax>473.45</xmax>
      <ymax>689.85</ymax>
    </bndbox>
  </object>
</annotation>
