<annotation>
  <folder></folder>
  <filename>IMG-20210617-WA0336.jpg</filename>
  <source>
    <database>Unknown</database>
    <annotation>Unknown</annotation>
    <image>Unknown</image>
  </source>
  <size>
    <width>810</width>
    <height>1080</height>
    <depth></depth>
  </size>
  <segmented>0</segmented>
  <object>
    <name>100f</name>
    <truncated>0</truncated>
    <occluded>0</occluded>
    <difficult>0</difficult>
    <bndbox>
      <xmin>258.26</xmin>
      <ymin>645.61</ymin>
      <xmax>447.31</xmax>
      <ymax>836.67</ymax>
    </bndbox>
  </object>
</annotation>
