<annotation>
  <folder></folder>
  <filename>IMG-20210617-WA0349.jpg</filename>
  <source>
    <database>Unknown</database>
    <annotation>Unknown</annotation>
    <image>Unknown</image>
  </source>
  <size>
    <width>810</width>
    <height>1080</height>
    <depth></depth>
  </size>
  <segmented>0</segmented>
  <object>
    <name>500f</name>
    <truncated>0</truncated>
    <occluded>0</occluded>
    <difficult>0</difficult>
    <bndbox>
      <xmin>372.89</xmin>
      <ymin>685.83</ymin>
      <xmax>606.19</xmax>
      <ymax>917.12</ymax>
    </bndbox>
  </object>
</annotation>
