<annotation>
  <folder></folder>
  <filename>IMG-20210617-WA0338.jpg</filename>
  <source>
    <database>Unknown</database>
    <annotation>Unknown</annotation>
    <image>Unknown</image>
  </source>
  <size>
    <width>810</width>
    <height>1080</height>
    <depth></depth>
  </size>
  <segmented>0</segmented>
  <object>
    <name>100f</name>
    <truncated>0</truncated>
    <occluded>0</occluded>
    <difficult>0</difficult>
    <bndbox>
      <xmin>294.46</xmin>
      <ymin>603.37</ymin>
      <xmax>493.56</xmax>
      <ymax>806.5</ymax>
    </bndbox>
  </object>
</annotation>
