<annotation>
  <folder></folder>
  <filename>IMG-20210617-WA0292.jpg</filename>
  <source>
    <database>Unknown</database>
    <annotation>Unknown</annotation>
    <image>Unknown</image>
  </source>
  <size>
    <width>810</width>
    <height>1080</height>
    <depth></depth>
  </size>
  <segmented>0</segmented>
  <object>
    <name>100f</name>
    <truncated>0</truncated>
    <occluded>0</occluded>
    <difficult>0</difficult>
    <bndbox>
      <xmin>258.26</xmin>
      <ymin>667.73</ymin>
      <xmax>358.82</xmax>
      <ymax>788.4</ymax>
    </bndbox>
  </object>
  <object>
    <name>5f</name>
    <truncated>0</truncated>
    <occluded>0</occluded>
    <difficult>0</difficult>
    <bndbox>
      <xmin>366.86</xmin>
      <ymin>894.99</ymin>
      <xmax>463.4</xmax>
      <ymax>997.56</ymax>
    </bndbox>
  </object>
  <object>
    <name>10f</name>
    <truncated>0</truncated>
    <occluded>0</occluded>
    <difficult>0</difficult>
    <bndbox>
      <xmin>214.01</xmin>
      <ymin>551.08</ymin>
      <xmax>314.57</xmax>
      <ymax>645.61</ymax>
    </bndbox>
  </object>
  <object>
    <name>10f</name>
    <truncated>0</truncated>
    <occluded>0</occluded>
    <difficult>0</difficult>
    <bndbox>
      <xmin>445.3</xmin>
      <ymin>283.6</ymin>
      <xmax>543.84</xmax>
      <ymax>382.15</ymax>
    </bndbox>
  </object>
  <object>
    <name>10f</name>
    <truncated>0</truncated>
    <occluded>0</occluded>
    <difficult>0</difficult>
    <bndbox>
      <xmin>214.01</xmin>
      <ymin>285.61</ymin>
      <xmax>300.49</xmax>
      <ymax>392.2</ymax>
    </bndbox>
  </object>
  <object>
    <name>10f</name>
    <truncated>0</truncated>
    <occluded>0</occluded>
    <difficult>0</difficult>
    <bndbox>
      <xmin>463.4</xmin>
      <ymin>553.09</ymin>
      <xmax>553.9</xmax>
      <ymax>653.65</ymax>
    </bndbox>
  </object>
  <object>
    <name>10f</name>
    <truncated>0</truncated>
    <occluded>0</occluded>
    <difficult>0</difficult>
    <bndbox>
      <xmin>531.78</xmin>
      <ymin>752.2</ymin>
      <xmax>626.3</xmax>
      <ymax>852.76</ymax>
    </bndbox>
  </object>
  <object>
    <name>100f</name>
    <truncated>0</truncated>
    <occluded>0</occluded>
    <difficult>0</difficult>
    <bndbox>
      <xmin>429.21</xmin>
      <ymin>416.33</ymin>
      <xmax>525.74</xmax>
      <ymax>512.87</ymax>
    </bndbox>
  </object>
  <object>
    <name>100f</name>
    <truncated>0</truncated>
    <occluded>0</occluded>
    <difficult>0</difficult>
    <bndbox>
      <xmin>222.05</xmin>
      <ymin>828.63</ymin>
      <xmax>318.59</xmax>
      <ymax>937.23</ymax>
    </bndbox>
  </object>
  <object>
    <name>200f</name>
    <truncated>0</truncated>
    <occluded>0</occluded>
    <difficult>0</difficult>
    <bndbox>
      <xmin>41.05</xmin>
      <ymin>703.93</ymin>
      <xmax>147.64</xmax>
      <ymax>814.55</ymax>
    </bndbox>
  </object>
  <object>
    <name>200f</name>
    <truncated>0</truncated>
    <occluded>0</occluded>
    <difficult>0</difficult>
    <bndbox>
      <xmin>314.57</xmin>
      <ymin>518.91</ymin>
      <xmax>415.13</xmax>
      <ymax>607.4</ymax>
    </bndbox>
  </object>
  <object>
    <name>200f</name>
    <truncated>0</truncated>
    <occluded>0</occluded>
    <difficult>0</difficult>
    <bndbox>
      <xmin>218.03</xmin>
      <ymin>420.36</ymin>
      <xmax>324.63</xmax>
      <ymax>522.93</ymax>
    </bndbox>
  </object>
  <object>
    <name>200f</name>
    <truncated>0</truncated>
    <occluded>0</occluded>
    <difficult>0</difficult>
    <bndbox>
      <xmin>18.93</xmin>
      <ymin>394.21</ymin>
      <xmax>117.48000000000002</xmax>
      <ymax>486.73</ymax>
    </bndbox>
  </object>
  <object>
    <name>500f</name>
    <truncated>0</truncated>
    <occluded>0</occluded>
    <difficult>0</difficult>
    <bndbox>
      <xmin>89.32</xmin>
      <ymin>532.98</ymin>
      <xmax>201.94</xmax>
      <ymax>653.65</ymax>
    </bndbox>
  </object>
</annotation>
