<annotation>
  <folder></folder>
  <filename>IMG-20210617-WA0530.jpg</filename>
  <source>
    <database>Unknown</database>
    <annotation>Unknown</annotation>
    <image>Unknown</image>
  </source>
  <size>
    <width>1080</width>
    <height>608</height>
    <depth></depth>
  </size>
  <segmented>0</segmented>
  <object>
    <name>100f</name>
    <truncated>0</truncated>
    <occluded>0</occluded>
    <difficult>0</difficult>
    <bndbox>
      <xmin>354.36</xmin>
      <ymin>193.58</ymin>
      <xmax>621.56</xmax>
      <ymax>458.52</ymax>
    </bndbox>
  </object>
</annotation>
