<annotation>
  <folder></folder>
  <filename>IMG-20210617-WA0269.jpg</filename>
  <source>
    <database>Unknown</database>
    <annotation>Unknown</annotation>
    <image>Unknown</image>
  </source>
  <size>
    <width>810</width>
    <height>1080</height>
    <depth></depth>
  </size>
  <segmented>0</segmented>
  <object>
    <name>200f</name>
    <truncated>0</truncated>
    <occluded>0</occluded>
    <difficult>0</difficult>
    <bndbox>
      <xmin>171.52</xmin>
      <ymin>599.25</ymin>
      <xmax>249.05</xmax>
      <ymax>684.53</ymax>
    </bndbox>
  </object>
  <object>
    <name>200f</name>
    <truncated>0</truncated>
    <occluded>0</occluded>
    <difficult>0</difficult>
    <bndbox>
      <xmin>303.31</xmin>
      <ymin>411.26</ymin>
      <xmax>386.65</xmax>
      <ymax>482.97</ymax>
    </bndbox>
  </object>
  <object>
    <name>200f</name>
    <truncated>0</truncated>
    <occluded>0</occluded>
    <difficult>0</difficult>
    <bndbox>
      <xmin>159.89</xmin>
      <ymin>376.38</ymin>
      <xmax>241.29</xmax>
      <ymax>455.84</ymax>
    </bndbox>
  </object>
  <object>
    <name>10f</name>
    <truncated>0</truncated>
    <occluded>0</occluded>
    <difficult>0</difficult>
    <bndbox>
      <xmin>481.61</xmin>
      <ymin>312.42</ymin>
      <xmax>555.26</xmax>
      <ymax>395.76</ymax>
    </bndbox>
  </object>
  <object>
    <name>10f</name>
    <truncated>0</truncated>
    <occluded>0</occluded>
    <difficult>0</difficult>
    <bndbox>
      <xmin>303.31</xmin>
      <ymin>308.54</ymin>
      <xmax>376.96</xmax>
      <ymax>397.7</ymax>
    </bndbox>
  </object>
  <object>
    <name>10f</name>
    <truncated>0</truncated>
    <occluded>0</occluded>
    <difficult>0</difficult>
    <bndbox>
      <xmin>296.68</xmin>
      <ymin>507.99</ymin>
      <xmax>368.9</xmax>
      <ymax>574.86</ymax>
    </bndbox>
  </object>
  <object>
    <name>10f</name>
    <truncated>0</truncated>
    <occluded>0</occluded>
    <difficult>0</difficult>
    <bndbox>
      <xmin>508.27</xmin>
      <ymin>666.93</ymin>
      <xmax>585.35</xmax>
      <ymax>740.85</ymax>
    </bndbox>
  </object>
  <object>
    <name>10f</name>
    <truncated>0</truncated>
    <occluded>0</occluded>
    <difficult>0</difficult>
    <bndbox>
      <xmin>472.71</xmin>
      <ymin>522.24</ymin>
      <xmax>543.92</xmax>
      <ymax>594.36</ymax>
    </bndbox>
  </object>
  <object>
    <name>5f</name>
    <truncated>0</truncated>
    <occluded>0</occluded>
    <difficult>0</difficult>
    <bndbox>
      <xmin>386.09</xmin>
      <ymin>756.98</ymin>
      <xmax>453.01</xmax>
      <ymax>827.78</ymax>
    </bndbox>
  </object>
  <object>
    <name>100f</name>
    <truncated>0</truncated>
    <occluded>0</occluded>
    <difficult>0</difficult>
    <bndbox>
      <xmin>287.28</xmin>
      <ymin>702.21</ymin>
      <xmax>363.99</xmax>
      <ymax>770.5</ymax>
    </bndbox>
  </object>
  <object>
    <name>100f</name>
    <truncated>0</truncated>
    <occluded>0</occluded>
    <difficult>0</difficult>
    <bndbox>
      <xmin>323.77</xmin>
      <ymin>590.89</ymin>
      <xmax>393.46</xmax>
      <ymax>673.21</ymax>
    </bndbox>
  </object>
  <object>
    <name>100f</name>
    <truncated>0</truncated>
    <occluded>0</occluded>
    <difficult>0</difficult>
    <bndbox>
      <xmin>455.67</xmin>
      <ymin>414.13</ymin>
      <xmax>533.68</xmax>
      <ymax>500.01</ymax>
    </bndbox>
  </object>
  <object>
    <name>500f</name>
    <truncated>0</truncated>
    <occluded>0</occluded>
    <difficult>0</difficult>
    <bndbox>
      <xmin>210.29</xmin>
      <ymin>486.85</ymin>
      <xmax>291.68</xmax>
      <ymax>583.75</ymax>
    </bndbox>
  </object>
  <object>
    <name>200f</name>
    <truncated>0</truncated>
    <occluded>0</occluded>
    <difficult>0</difficult>
    <bndbox>
      <xmin>375.02</xmin>
      <ymin>484.91</ymin>
      <xmax>437.04</xmax>
      <ymax>560.49</ymax>
    </bndbox>
  </object>
</annotation>
