<annotation>
  <folder></folder>
  <filename>IMG-20210617-WA0563.jpg</filename>
  <source>
    <database>Unknown</database>
    <annotation>Unknown</annotation>
    <image>Unknown</image>
  </source>
  <size>
    <width>1080</width>
    <height>608</height>
    <depth></depth>
  </size>
  <segmented>0</segmented>
  <object>
    <name>100f</name>
    <truncated>0</truncated>
    <occluded>0</occluded>
    <difficult>0</difficult>
    <bndbox>
      <xmin>413.23</xmin>
      <ymin>141.5</ymin>
      <xmax>684.96</xmax>
      <ymax>413.23</ymax>
    </bndbox>
  </object>
</annotation>
