<annotation>
  <folder></folder>
  <filename>IMG-20210617-WA0267.jpg</filename>
  <source>
    <database>Unknown</database>
    <annotation>Unknown</annotation>
    <image>Unknown</image>
  </source>
  <size>
    <width>810</width>
    <height>1080</height>
    <depth></depth>
  </size>
  <segmented>0</segmented>
  <object>
    <name>100f</name>
    <truncated>0</truncated>
    <occluded>0</occluded>
    <difficult>0</difficult>
    <bndbox>
      <xmin>451.29</xmin>
      <ymin>380.49</ymin>
      <xmax>542.23</xmax>
      <ymax>460.74</ymax>
    </bndbox>
  </object>
  <object>
    <name>500f</name>
    <truncated>0</truncated>
    <occluded>0</occluded>
    <difficult>0</difficult>
    <bndbox>
      <xmin>210.96</xmin>
      <ymin>453.37</ymin>
      <xmax>293.13</xmax>
      <ymax>535.53</ymax>
    </bndbox>
  </object>
  <object>
    <name>200f</name>
    <truncated>0</truncated>
    <occluded>0</occluded>
    <difficult>0</difficult>
    <bndbox>
      <xmin>172.21</xmin>
      <ymin>567.73</ymin>
      <xmax>249.78</xmax>
      <ymax>647.08</ymax>
    </bndbox>
  </object>
  <object>
    <name>200f</name>
    <truncated>0</truncated>
    <occluded>0</occluded>
    <difficult>0</difficult>
    <bndbox>
      <xmin>372.82</xmin>
      <ymin>452.71</ymin>
      <xmax>451.28</xmax>
      <ymax>524.04</ymax>
    </bndbox>
  </object>
  <object>
    <name>200f</name>
    <truncated>0</truncated>
    <occluded>0</occluded>
    <difficult>0</difficult>
    <bndbox>
      <xmin>305.95</xmin>
      <ymin>368.9</ymin>
      <xmax>381.74</xmax>
      <ymax>444.69</ymax>
    </bndbox>
  </object>
  <object>
    <name>200f</name>
    <truncated>0</truncated>
    <occluded>0</occluded>
    <difficult>0</difficult>
    <bndbox>
      <xmin>156.16</xmin>
      <ymin>335.02</ymin>
      <xmax>239.08</xmax>
      <ymax>417.05</ymax>
    </bndbox>
  </object>
  <object>
    <name>100f</name>
    <truncated>0</truncated>
    <occluded>0</occluded>
    <difficult>0</difficult>
    <bndbox>
      <xmin>314.87</xmin>
      <ymin>559.71</ymin>
      <xmax>401.36</xmax>
      <ymax>642.62</ymax>
    </bndbox>
  </object>
  <object>
    <name>100f</name>
    <truncated>0</truncated>
    <occluded>0</occluded>
    <difficult>0</difficult>
    <bndbox>
      <xmin>286.34</xmin>
      <ymin>665.81</ymin>
      <xmax>367.47</xmax>
      <ymax>739.81</ymax>
    </bndbox>
  </object>
  <object>
    <name>10f</name>
    <truncated>0</truncated>
    <occluded>0</occluded>
    <difficult>0</difficult>
    <bndbox>
      <xmin>387.09</xmin>
      <ymin>724.65</ymin>
      <xmax>461.99</xmax>
      <ymax>790.63</ymax>
    </bndbox>
  </object>
  <object>
    <name>10f</name>
    <truncated>0</truncated>
    <occluded>0</occluded>
    <difficult>0</difficult>
    <bndbox>
      <xmin>514.59</xmin>
      <ymin>630.14</ymin>
      <xmax>588.59</xmax>
      <ymax>708.6</ymax>
    </bndbox>
  </object>
  <object>
    <name>10f</name>
    <truncated>0</truncated>
    <occluded>0</occluded>
    <difficult>0</difficult>
    <bndbox>
      <xmin>470.9</xmin>
      <ymin>480.35</ymin>
      <xmax>549.36</xmax>
      <ymax>558.81</ymax>
    </bndbox>
  </object>
  <object>
    <name>10f</name>
    <truncated>0</truncated>
    <occluded>0</occluded>
    <difficult>0</difficult>
    <bndbox>
      <xmin>299.71</xmin>
      <ymin>467.87</ymin>
      <xmax>371.04</xmax>
      <ymax>536.52</ymax>
    </bndbox>
  </object>
  <object>
    <name>10f</name>
    <truncated>0</truncated>
    <occluded>0</occluded>
    <difficult>0</difficult>
    <bndbox>
      <xmin>301.0</xmin>
      <ymin>273.27</ymin>
      <xmax>376.5</xmax>
      <ymax>347.22</ymax>
    </bndbox>
  </object>
  <object>
    <name>10f</name>
    <truncated>0</truncated>
    <occluded>0</occluded>
    <difficult>0</difficult>
    <bndbox>
      <xmin>487.43</xmin>
      <ymin>276.35</ymin>
      <xmax>556.76</xmax>
      <ymax>356.47</ymax>
    </bndbox>
  </object>
</annotation>
