<annotation>
  <folder></folder>
  <filename>IMG-20210617-WA0271.jpg</filename>
  <source>
    <database>Unknown</database>
    <annotation>Unknown</annotation>
    <image>Unknown</image>
  </source>
  <size>
    <width>810</width>
    <height>1080</height>
    <depth></depth>
  </size>
  <segmented>0</segmented>
  <object>
    <name>200f</name>
    <truncated>0</truncated>
    <occluded>0</occluded>
    <difficult>0</difficult>
    <bndbox>
      <xmin>368.87</xmin>
      <ymin>488.74</ymin>
      <xmax>427.2</xmax>
      <ymax>559.13</ymax>
    </bndbox>
  </object>
  <object>
    <name>5f</name>
    <truncated>0</truncated>
    <occluded>0</occluded>
    <difficult>0</difficult>
    <bndbox>
      <xmin>378.93</xmin>
      <ymin>758.23</ymin>
      <xmax>449.32</xmax>
      <ymax>836.67</ymax>
    </bndbox>
  </object>
  <object>
    <name>10f</name>
    <truncated>0</truncated>
    <occluded>0</occluded>
    <difficult>0</difficult>
    <bndbox>
      <xmin>290.44</xmin>
      <ymin>500.8</ymin>
      <xmax>360.83</xmax>
      <ymax>583.26</ymax>
    </bndbox>
  </object>
  <object>
    <name>10f</name>
    <truncated>0</truncated>
    <occluded>0</occluded>
    <difficult>0</difficult>
    <bndbox>
      <xmin>473.45</xmin>
      <ymin>323.82</ymin>
      <xmax>547.87</xmax>
      <ymax>396.22</ymax>
    </bndbox>
  </object>
  <object>
    <name>10f</name>
    <truncated>0</truncated>
    <occluded>0</occluded>
    <difficult>0</difficult>
    <bndbox>
      <xmin>298.48</xmin>
      <ymin>319.8</ymin>
      <xmax>364.85</xmax>
      <ymax>390.19</ymax>
    </bndbox>
  </object>
  <object>
    <name>10f</name>
    <truncated>0</truncated>
    <occluded>0</occluded>
    <difficult>0</difficult>
    <bndbox>
      <xmin>461.39</xmin>
      <ymin>520.92</ymin>
      <xmax>531.78</xmax>
      <ymax>599.35</ymax>
    </bndbox>
  </object>
  <object>
    <name>10f</name>
    <truncated>0</truncated>
    <occluded>0</occluded>
    <difficult>0</difficult>
    <bndbox>
      <xmin>507.64</xmin>
      <ymin>669.74</ymin>
      <xmax>580.04</xmax>
      <ymax>752.2</ymax>
    </bndbox>
  </object>
  <object>
    <name>100f</name>
    <truncated>0</truncated>
    <occluded>0</occluded>
    <difficult>0</difficult>
    <bndbox>
      <xmin>447.31</xmin>
      <ymin>418.35</ymin>
      <xmax>523.73</xmax>
      <ymax>498.79</ymax>
    </bndbox>
  </object>
  <object>
    <name>100f</name>
    <truncated>0</truncated>
    <occluded>0</occluded>
    <difficult>0</difficult>
    <bndbox>
      <xmin>314.57</xmin>
      <ymin>597.34</ymin>
      <xmax>386.97</xmax>
      <ymax>673.77</ymax>
    </bndbox>
  </object>
  <object>
    <name>100f</name>
    <truncated>0</truncated>
    <occluded>0</occluded>
    <difficult>0</difficult>
    <bndbox>
      <xmin>280.38</xmin>
      <ymin>705.94</ymin>
      <xmax>360.83</xmax>
      <ymax>782.37</ymax>
    </bndbox>
  </object>
  <object>
    <name>500f</name>
    <truncated>0</truncated>
    <occluded>0</occluded>
    <difficult>0</difficult>
    <bndbox>
      <xmin>201.94</xmin>
      <ymin>492.76</ymin>
      <xmax>280.38</xmax>
      <ymax>577.23</ymax>
    </bndbox>
  </object>
  <object>
    <name>200f</name>
    <truncated>0</truncated>
    <occluded>0</occluded>
    <difficult>0</difficult>
    <bndbox>
      <xmin>153.68</xmin>
      <ymin>378.12</ymin>
      <xmax>232.11</xmax>
      <ymax>454.55</ymax>
    </bndbox>
  </object>
  <object>
    <name>200f</name>
    <truncated>0</truncated>
    <occluded>0</occluded>
    <difficult>0</difficult>
    <bndbox>
      <xmin>163.73</xmin>
      <ymin>605.39</ymin>
      <xmax>238.14</xmax>
      <ymax>693.88</ymax>
    </bndbox>
  </object>
  <object>
    <name>200f</name>
    <truncated>0</truncated>
    <occluded>0</occluded>
    <difficult>0</difficult>
    <bndbox>
      <xmin>294.46</xmin>
      <ymin>410.3</ymin>
      <xmax>376.92</xmax>
      <ymax>488.74</ymax>
    </bndbox>
  </object>
</annotation>
