<annotation>
  <folder></folder>
  <filename>IMG-20210617-WA0306.jpg</filename>
  <source>
    <database>Unknown</database>
    <annotation>Unknown</annotation>
    <image>Unknown</image>
  </source>
  <size>
    <width>810</width>
    <height>1080</height>
    <depth></depth>
  </size>
  <segmented>0</segmented>
  <object>
    <name>5f</name>
    <truncated>0</truncated>
    <occluded>0</occluded>
    <difficult>0</difficult>
    <bndbox>
      <xmin>648.42</xmin>
      <ymin>683.82</ymin>
      <xmax>738.93</xmax>
      <ymax>784.38</ymax>
    </bndbox>
  </object>
  <object>
    <name>500f</name>
    <truncated>0</truncated>
    <occluded>0</occluded>
    <difficult>0</difficult>
    <bndbox>
      <xmin>143.62</xmin>
      <ymin>679.8</ymin>
      <xmax>240.16</xmax>
      <ymax>786.39</ymax>
    </bndbox>
  </object>
  <object>
    <name>200f</name>
    <truncated>0</truncated>
    <occluded>0</occluded>
    <difficult>0</difficult>
    <bndbox>
      <xmin>382.95</xmin>
      <ymin>593.32</ymin>
      <xmax>471.44</xmax>
      <ymax>691.87</ymax>
    </bndbox>
  </object>
  <object>
    <name>200f</name>
    <truncated>0</truncated>
    <occluded>0</occluded>
    <difficult>0</difficult>
    <bndbox>
      <xmin>288.42</xmin>
      <ymin>888.96</ymin>
      <xmax>395.02</xmax>
      <ymax>1001.59</ymax>
    </bndbox>
  </object>
  <object>
    <name>200f</name>
    <truncated>0</truncated>
    <occluded>0</occluded>
    <difficult>0</difficult>
    <bndbox>
      <xmin>45.07</xmin>
      <ymin>677.79</ymin>
      <xmax>143.62</xmax>
      <ymax>780.36</ymax>
    </bndbox>
  </object>
  <object>
    <name>200f</name>
    <truncated>0</truncated>
    <occluded>0</occluded>
    <difficult>0</difficult>
    <bndbox>
      <xmin>155.69</xmin>
      <ymin>547.06</ymin>
      <xmax>252.22</xmax>
      <ymax>637.56</ymax>
    </bndbox>
  </object>
  <object>
    <name>100f</name>
    <truncated>0</truncated>
    <occluded>0</occluded>
    <difficult>0</difficult>
    <bndbox>
      <xmin>469.43</xmin>
      <ymin>671.75</ymin>
      <xmax>569.99</xmax>
      <ymax>774.32</ymax>
    </bndbox>
  </object>
  <object>
    <name>100f</name>
    <truncated>0</truncated>
    <occluded>0</occluded>
    <difficult>0</difficult>
    <bndbox>
      <xmin>350.77</xmin>
      <ymin>754.21</ymin>
      <xmax>457.36</xmax>
      <ymax>870.86</ymax>
    </bndbox>
  </object>
  <object>
    <name>100f</name>
    <truncated>0</truncated>
    <occluded>0</occluded>
    <difficult>0</difficult>
    <bndbox>
      <xmin>282.39</xmin>
      <ymin>335.89</ymin>
      <xmax>372.89</xmax>
      <ymax>440.47</ymax>
    </bndbox>
  </object>
  <object>
    <name>10f</name>
    <truncated>0</truncated>
    <occluded>0</occluded>
    <difficult>0</difficult>
    <bndbox>
      <xmin>272.33</xmin>
      <ymin>601.36</ymin>
      <xmax>360.83</xmax>
      <ymax>689.85</ymax>
    </bndbox>
  </object>
  <object>
    <name>10f</name>
    <truncated>0</truncated>
    <occluded>0</occluded>
    <difficult>0</difficult>
    <bndbox>
      <xmin>151.67</xmin>
      <ymin>329.85</ymin>
      <xmax>242.17</xmax>
      <ymax>420.36</ymax>
    </bndbox>
  </object>
  <object>
    <name>10f</name>
    <truncated>0</truncated>
    <occluded>0</occluded>
    <difficult>0</difficult>
    <bndbox>
      <xmin>65.18</xmin>
      <ymin>444.49</ymin>
      <xmax>159.71</xmax>
      <ymax>534.99</ymax>
    </bndbox>
  </object>
  <object>
    <name>10f</name>
    <truncated>0</truncated>
    <occluded>0</occluded>
    <difficult>0</difficult>
    <bndbox>
      <xmin>403.06</xmin>
      <ymin>422.37</ymin>
      <xmax>493.56</xmax>
      <ymax>528.96</ymax>
    </bndbox>
  </object>
  <object>
    <name>10f</name>
    <truncated>0</truncated>
    <occluded>0</occluded>
    <difficult>0</difficult>
    <bndbox>
      <xmin>527.75</xmin>
      <ymin>522.93</ymin>
      <xmax>620.27</xmax>
      <ymax>623.49</ymax>
    </bndbox>
  </object>
</annotation>
