<annotation>
  <folder></folder>
  <filename>IMG-20210617-WA0503.jpg</filename>
  <source>
    <database>Unknown</database>
    <annotation>Unknown</annotation>
    <image>Unknown</image>
  </source>
  <size>
    <width>608</width>
    <height>1080</height>
    <depth></depth>
  </size>
  <segmented>0</segmented>
  <object>
    <name>50f</name>
    <truncated>0</truncated>
    <occluded>0</occluded>
    <difficult>0</difficult>
    <bndbox>
      <xmin>68.6</xmin>
      <ymin>408.29</ymin>
      <xmax>368.27</xmax>
      <ymax>707.95</ymax>
    </bndbox>
  </object>
</annotation>
