<annotation>
  <folder></folder>
  <filename>IMG-20210617-WA0277.jpg</filename>
  <source>
    <database>Unknown</database>
    <annotation>Unknown</annotation>
    <image>Unknown</image>
  </source>
  <size>
    <width>810</width>
    <height>1080</height>
    <depth></depth>
  </size>
  <segmented>0</segmented>
  <object>
    <name>200f</name>
    <truncated>0</truncated>
    <occluded>0</occluded>
    <difficult>0</difficult>
    <bndbox>
      <xmin>267.76</xmin>
      <ymin>366.21</ymin>
      <xmax>340.51</xmax>
      <ymax>446.71</ymax>
    </bndbox>
  </object>
  <object>
    <name>5f</name>
    <truncated>0</truncated>
    <occluded>0</occluded>
    <difficult>0</difficult>
    <bndbox>
      <xmin>505.39</xmin>
      <ymin>708.58</ymin>
      <xmax>574.25</xmax>
      <ymax>785.2</ymax>
    </bndbox>
  </object>
  <object>
    <name>10f</name>
    <truncated>0</truncated>
    <occluded>0</occluded>
    <difficult>0</difficult>
    <bndbox>
      <xmin>407.43</xmin>
      <ymin>474.84</ymin>
      <xmax>469.5</xmax>
      <ymax>548.55</ymax>
    </bndbox>
  </object>
  <object>
    <name>10f</name>
    <truncated>0</truncated>
    <occluded>0</occluded>
    <difficult>0</difficult>
    <bndbox>
      <xmin>559.7</xmin>
      <ymin>298.32</ymin>
      <xmax>630.5</xmax>
      <ymax>372.03</ymax>
    </bndbox>
  </object>
  <object>
    <name>10f</name>
    <truncated>0</truncated>
    <occluded>0</occluded>
    <difficult>0</difficult>
    <bndbox>
      <xmin>394.82</xmin>
      <ymin>308.01</ymin>
      <xmax>466.59</xmax>
      <ymax>377.85</ymax>
    </bndbox>
  </object>
  <object>
    <name>10f</name>
    <truncated>0</truncated>
    <occluded>0</occluded>
    <difficult>0</difficult>
    <bndbox>
      <xmin>569.4</xmin>
      <ymin>477.75</ymin>
      <xmax>639.23</xmax>
      <ymax>555.34</ymax>
    </bndbox>
  </object>
  <object>
    <name>10f</name>
    <truncated>0</truncated>
    <occluded>0</occluded>
    <difficult>0</difficult>
    <bndbox>
      <xmin>623.71</xmin>
      <ymin>619.35</ymin>
      <xmax>691.61</xmax>
      <ymax>685.3</ymax>
    </bndbox>
  </object>
  <object>
    <name>100f</name>
    <truncated>0</truncated>
    <occluded>0</occluded>
    <difficult>0</difficult>
    <bndbox>
      <xmin>548.06</xmin>
      <ymin>390.46</ymin>
      <xmax>619.84</xmax>
      <ymax>467.08</ymax>
    </bndbox>
  </object>
  <object>
    <name>100f</name>
    <truncated>0</truncated>
    <occluded>0</occluded>
    <difficult>0</difficult>
    <bndbox>
      <xmin>434.59</xmin>
      <ymin>560.19</ymin>
      <xmax>505.39</xmax>
      <ymax>640.69</ymax>
    </bndbox>
  </object>
  <object>
    <name>100f</name>
    <truncated>0</truncated>
    <occluded>0</occluded>
    <difficult>0</difficult>
    <bndbox>
      <xmin>409.37</xmin>
      <ymin>658.15</ymin>
      <xmax>479.2</xmax>
      <ymax>740.59</ymax>
    </bndbox>
  </object>
  <object>
    <name>200f</name>
    <truncated>0</truncated>
    <occluded>0</occluded>
    <difficult>0</difficult>
    <bndbox>
      <xmin>290.07</xmin>
      <ymin>579.58</ymin>
      <xmax>366.69</xmax>
      <ymax>652.33</ymax>
    </bndbox>
  </object>
  <object>
    <name>200f</name>
    <truncated>0</truncated>
    <occluded>0</occluded>
    <difficult>0</difficult>
    <bndbox>
      <xmin>471.44</xmin>
      <ymin>460.29</ymin>
      <xmax>539.33</xmax>
      <ymax>525.27</ymax>
    </bndbox>
  </object>
  <object>
    <name>200f</name>
    <truncated>0</truncated>
    <occluded>0</occluded>
    <difficult>0</difficult>
    <bndbox>
      <xmin>403.55</xmin>
      <ymin>389.49</ymin>
      <xmax>475.32</xmax>
      <ymax>465.14</ymax>
    </bndbox>
  </object>
  <object>
    <name>500f</name>
    <truncated>0</truncated>
    <occluded>0</occluded>
    <difficult>0</difficult>
    <bndbox>
      <xmin>318.2</xmin>
      <ymin>466.11</ymin>
      <xmax>396.76</xmax>
      <ymax>559.22</ymax>
    </bndbox>
  </object>
</annotation>
