<annotation>
  <folder></folder>
  <filename>IMG-20210617-WA0185.jpg</filename>
  <source>
    <database>Unknown</database>
    <annotation>Unknown</annotation>
    <image>Unknown</image>
  </source>
  <size>
    <width>810</width>
    <height>1080</height>
    <depth></depth>
  </size>
  <segmented>0</segmented>
  <object>
    <name>10f</name>
    <truncated>0</truncated>
    <occluded>0</occluded>
    <difficult>0</difficult>
    <bndbox>
      <xmin>298.48</xmin>
      <ymin>508.85</ymin>
      <xmax>501.61</xmax>
      <ymax>730.08</ymax>
    </bndbox>
  </object>
</annotation>
