<annotation>
  <folder></folder>
  <filename>IMG-20210617-WA0504.jpg</filename>
  <source>
    <database>Unknown</database>
    <annotation>Unknown</annotation>
    <image>Unknown</image>
  </source>
  <size>
    <width>608</width>
    <height>1080</height>
    <depth></depth>
  </size>
  <segmented>0</segmented>
  <object>
    <name>50f</name>
    <truncated>0</truncated>
    <occluded>0</occluded>
    <difficult>0</difficult>
    <bndbox>
      <xmin>175.2</xmin>
      <ymin>370.08</ymin>
      <xmax>503.02</xmax>
      <ymax>701.92</ymax>
    </bndbox>
  </object>
</annotation>
