<annotation>
  <folder></folder>
  <filename>IMG-20210617-WA0309.jpg</filename>
  <source>
    <database>Unknown</database>
    <annotation>Unknown</annotation>
    <image>Unknown</image>
  </source>
  <size>
    <width>810</width>
    <height>1080</height>
    <depth></depth>
  </size>
  <segmented>0</segmented>
  <object>
    <name>100f</name>
    <truncated>0</truncated>
    <occluded>0</occluded>
    <difficult>0</difficult>
    <bndbox>
      <xmin>415.13</xmin>
      <ymin>520.92</ymin>
      <xmax>505.63</xmax>
      <ymax>617.45</ymax>
    </bndbox>
  </object>
  <object>
    <name>5f</name>
    <truncated>0</truncated>
    <occluded>0</occluded>
    <difficult>0</difficult>
    <bndbox>
      <xmin>515.69</xmin>
      <ymin>432.42</ymin>
      <xmax>626.3</xmax>
      <ymax>522.93</ymax>
    </bndbox>
  </object>
  <object>
    <name>10f</name>
    <truncated>0</truncated>
    <occluded>0</occluded>
    <difficult>0</difficult>
    <bndbox>
      <xmin>364.85</xmin>
      <ymin>406.28</ymin>
      <xmax>443.29</xmax>
      <ymax>496.78</ymax>
    </bndbox>
  </object>
  <object>
    <name>10f</name>
    <truncated>0</truncated>
    <occluded>0</occluded>
    <difficult>0</difficult>
    <bndbox>
      <xmin>230.1</xmin>
      <ymin>424.38</ymin>
      <xmax>320.6</xmax>
      <ymax>504.83</ymax>
    </bndbox>
  </object>
  <object>
    <name>10f</name>
    <truncated>0</truncated>
    <occluded>0</occluded>
    <difficult>0</difficult>
    <bndbox>
      <xmin>26.97</xmin>
      <ymin>627.51</ymin>
      <xmax>113.45</xmax>
      <ymax>724.05</ymax>
    </bndbox>
  </object>
  <object>
    <name>10f</name>
    <truncated>0</truncated>
    <occluded>0</occluded>
    <difficult>0</difficult>
    <bndbox>
      <xmin>16.92</xmin>
      <ymin>508.85</ymin>
      <xmax>105.41</xmax>
      <ymax>605.39</ymax>
    </bndbox>
  </object>
  <object>
    <name>100f</name>
    <truncated>0</truncated>
    <occluded>0</occluded>
    <difficult>0</difficult>
    <bndbox>
      <xmin>395.02</xmin>
      <ymin>641.59</ymin>
      <xmax>485.52</xmax>
      <ymax>736.11</ymax>
    </bndbox>
  </object>
  <object>
    <name>100f</name>
    <truncated>0</truncated>
    <occluded>0</occluded>
    <difficult>0</difficult>
    <bndbox>
      <xmin>107.42</xmin>
      <ymin>442.48</ymin>
      <xmax>187.87</xmax>
      <ymax>532.98</ymax>
    </bndbox>
  </object>
  <object>
    <name>200f</name>
    <truncated>0</truncated>
    <occluded>0</occluded>
    <difficult>0</difficult>
    <bndbox>
      <xmin>141.61</xmin>
      <ymin>633.54</ymin>
      <xmax>232.11</xmax>
      <ymax>730.08</ymax>
    </bndbox>
  </object>
  <object>
    <name>200f</name>
    <truncated>0</truncated>
    <occluded>0</occluded>
    <difficult>0</difficult>
    <bndbox>
      <xmin>322.61</xmin>
      <ymin>526.95</ymin>
      <xmax>395.02</xmax>
      <ymax>627.51</ymax>
    </bndbox>
  </object>
  <object>
    <name>200f</name>
    <truncated>0</truncated>
    <occluded>0</occluded>
    <difficult>0</difficult>
    <bndbox>
      <xmin>153.68</xmin>
      <ymin>782.37</ymin>
      <xmax>238.15</xmax>
      <ymax>884.94</ymax>
    </bndbox>
  </object>
  <object>
    <name>200f</name>
    <truncated>0</truncated>
    <occluded>0</occluded>
    <difficult>0</difficult>
    <bndbox>
      <xmin>429.21</xmin>
      <ymin>762.26</ymin>
      <xmax>531.78</xmax>
      <ymax>858.79</ymax>
    </bndbox>
  </object>
  <object>
    <name>500f</name>
    <truncated>0</truncated>
    <occluded>0</occluded>
    <difficult>0</difficult>
    <bndbox>
      <xmin>220.04</xmin>
      <ymin>724.04</ymin>
      <xmax>314.57</xmax>
      <ymax>824.6</ymax>
    </bndbox>
  </object>
  <object>
    <name>10f</name>
    <truncated>0</truncated>
    <occluded>0</occluded>
    <difficult>0</difficult>
    <bndbox>
      <xmin>250.21</xmin>
      <ymin>603.37</ymin>
      <xmax>330.66</xmax>
      <ymax>691.87</ymax>
    </bndbox>
  </object>
</annotation>
