<annotation>
  <folder></folder>
  <filename>Monnaies-Africa-Della-OVEST-West-African-States-Bceao - Copie.png</filename>
  <source>
    <database>Unknown</database>
    <annotation>Unknown</annotation>
    <image>Unknown</image>
  </source>
  <size>
    <width>400</width>
    <height>400</height>
    <depth></depth>
  </size>
  <segmented>0</segmented>
  <object>
    <name>50f</name>
    <truncated>0</truncated>
    <occluded>0</occluded>
    <difficult>0</difficult>
    <bndbox>
      <xmin>299.81</xmin>
      <ymin>7.45</ymin>
      <xmax>392.18</xmax>
      <ymax>98.32</ymax>
    </bndbox>
  </object>
  <object>
    <name>200f</name>
    <truncated>0</truncated>
    <occluded>0</occluded>
    <difficult>0</difficult>
    <bndbox>
      <xmin>141.9</xmin>
      <ymin>37.24</ymin>
      <xmax>202.98</xmax>
      <ymax>165.36</ymax>
    </bndbox>
  </object>
  <object>
    <name>50f</name>
    <truncated>0</truncated>
    <occluded>0</occluded>
    <difficult>0</difficult>
    <bndbox>
      <xmin>207.45</xmin>
      <ymin>8.19</ymin>
      <xmax>299.07</xmax>
      <ymax>96.83</ymax>
    </bndbox>
  </object>
  <object>
    <name>250f</name>
    <truncated>0</truncated>
    <occluded>0</occluded>
    <difficult>0</difficult>
    <bndbox>
      <xmin>141.15</xmin>
      <ymin>233.89</ymin>
      <xmax>205.21</xmax>
      <ymax>353.82</ymax>
    </bndbox>
  </object>
  <object>
    <name>100f</name>
    <truncated>0</truncated>
    <occluded>0</occluded>
    <difficult>0</difficult>
    <bndbox>
      <xmin>219.37</xmin>
      <ymin>101.3</ymin>
      <xmax>288.64</xmax>
      <ymax>134.82</ymax>
    </bndbox>
  </object>
  <object>
    <name>100f</name>
    <truncated>0</truncated>
    <occluded>0</occluded>
    <difficult>0</difficult>
    <bndbox>
      <xmin>220.86</xmin>
      <ymin>130.35</ymin>
      <xmax>287.15</xmax>
      <ymax>199.63</ymax>
    </bndbox>
  </object>
  <object>
    <name>25f</name>
    <truncated>0</truncated>
    <occluded>0</occluded>
    <difficult>0</difficult>
    <bndbox>
      <xmin>314.71</xmin>
      <ymin>238.36</ymin>
      <xmax>382.5</xmax>
      <ymax>304.66</ymax>
    </bndbox>
  </object>
  <object>
    <name>25f</name>
    <truncated>0</truncated>
    <occluded>0</occluded>
    <difficult>0</difficult>
    <bndbox>
      <xmin>315.46</xmin>
      <ymin>354.56</ymin>
      <xmax>383.24</xmax>
      <ymax>400.0</ymax>
    </bndbox>
  </object>
  <object>
    <name>500f</name>
    <truncated>0</truncated>
    <occluded>0</occluded>
    <difficult>0</difficult>
    <bndbox>
      <xmin>1.86</xmin>
      <ymin>8.19</ymin>
      <xmax>142.64</xmax>
      <ymax>202.61</ymax>
    </bndbox>
  </object>
  <object>
    <name>500f</name>
    <truncated>0</truncated>
    <occluded>0</occluded>
    <difficult>0</difficult>
    <bndbox>
      <xmin>4.84</xmin>
      <ymin>175.79</ymin>
      <xmax>139.66</xmax>
      <ymax>391.81</ymax>
    </bndbox>
  </object>
</annotation>
