<annotation>
  <folder></folder>
  <filename>s-l225 - Copie.png</filename>
  <source>
    <database>Unknown</database>
    <annotation>Unknown</annotation>
    <image>Unknown</image>
  </source>
  <size>
    <width>225</width>
    <height>203</height>
    <depth></depth>
  </size>
  <segmented>0</segmented>
  <object>
    <name>100f</name>
    <truncated>0</truncated>
    <occluded>0</occluded>
    <difficult>0</difficult>
    <bndbox>
      <xmin>14.58</xmin>
      <ymin>13.22</ymin>
      <xmax>114.38</xmax>
      <ymax>101.3</ymax>
    </bndbox>
  </object>
  <object>
    <name>100f</name>
    <truncated>0</truncated>
    <occluded>0</occluded>
    <difficult>0</difficult>
    <bndbox>
      <xmin>114.75</xmin>
      <ymin>13.22</ymin>
      <xmax>212.66</xmax>
      <ymax>99.78</ymax>
    </bndbox>
  </object>
</annotation>
