<annotation>
  <folder></folder>
  <filename>unnamed95625 - Copie.png</filename>
  <source>
    <database>Unknown</database>
    <annotation>Unknown</annotation>
    <image>Unknown</image>
  </source>
  <size>
    <width>476</width>
    <height>235</height>
    <depth></depth>
  </size>
  <segmented>0</segmented>
  <object>
    <name>500f</name>
    <truncated>0</truncated>
    <occluded>0</occluded>
    <difficult>0</difficult>
    <bndbox>
      <xmin>238.9</xmin>
      <ymin>0.94</ymin>
      <xmax>472.26</xmax>
      <ymax>232.65</ymax>
    </bndbox>
  </object>
  <object>
    <name>500f</name>
    <truncated>0</truncated>
    <occluded>0</occluded>
    <difficult>0</difficult>
    <bndbox>
      <xmin>6.1</xmin>
      <ymin>2.95</ymin>
      <xmax>237.52</xmax>
      <ymax>231.54</ymax>
    </bndbox>
  </object>
</annotation>
