<annotation>
  <folder></folder>
  <filename>unnam564 - Copie.png</filename>
  <source>
    <database>Unknown</database>
    <annotation>Unknown</annotation>
    <image>Unknown</image>
  </source>
  <size>
    <width>240</width>
    <height>120</height>
    <depth></depth>
  </size>
  <segmented>0</segmented>
  <object>
    <name>5f</name>
    <truncated>0</truncated>
    <occluded>0</occluded>
    <difficult>0</difficult>
    <bndbox>
      <xmin>0.48</xmin>
      <ymin>1.55</ymin>
      <xmax>117.4</xmax>
      <ymax>117.76</ymax>
    </bndbox>
  </object>
  <object>
    <name>5f</name>
    <truncated>0</truncated>
    <occluded>0</occluded>
    <difficult>0</difficult>
    <bndbox>
      <xmin>120.72</xmin>
      <ymin>3.68</ymin>
      <xmax>238.35</xmax>
      <ymax>117.52</ymax>
    </bndbox>
  </object>
</annotation>
