<annotation>
  <folder>western</folder>
  <filename>western_africa-5-francs-1977 - Copie.png</filename>
  <source>
    <database>Unknown</database>
    <annotation>Unknown</annotation>
    <image>Unknown</image>
  </source>
  <size>
    <width>499</width>
    <height>499</height>
    <depth></depth>
  </size>
  <segmented>0</segmented>
  <object>
    <name>5f</name>
    <truncated>0</truncated>
    <occluded>0</occluded>
    <difficult>0</difficult>
    <bndbox>
      <xmin>7.93</xmin>
      <ymin>7.47</ymin>
      <xmax>488.35</xmax>
      <ymax>495.32</ymax>
    </bndbox>
  </object>
</annotation>
