<annotation>
  <folder>western</folder>
  <filename>western_africa-500-francs-200585.png</filename>
  <source>
    <database>Unknown</database>
    <annotation>Unknown</annotation>
    <image>Unknown</image>
  </source>
  <size>
    <width>500</width>
    <height>495</height>
    <depth></depth>
  </size>
  <segmented>0</segmented>
  <object>
    <name>500f</name>
    <truncated>0</truncated>
    <occluded>0</occluded>
    <difficult>0</difficult>
    <bndbox>
      <xmin>14.96</xmin>
      <ymin>13.86</ymin>
      <xmax>484.15</xmax>
      <ymax>495.0</ymax>
    </bndbox>
  </object>
</annotation>
