<annotation>
  <folder>western</folder>
  <filename>western_africa-500-francs-20051 - Copie.png</filename>
  <source>
    <database>Unknown</database>
    <annotation>Unknown</annotation>
    <image>Unknown</image>
  </source>
  <size>
    <width>496</width>
    <height>500</height>
    <depth></depth>
  </size>
  <segmented>0</segmented>
  <object>
    <name>500f</name>
    <truncated>0</truncated>
    <occluded>0</occluded>
    <difficult>0</difficult>
    <bndbox>
      <xmin>11.47</xmin>
      <ymin>16.78</ymin>
      <xmax>477.02</xmax>
      <ymax>500.0</ymax>
    </bndbox>
  </object>
</annotation>
