<annotation>
  <folder>western</folder>
  <filename>western_africa-5-francs-1970 - Copie.png</filename>
  <source>
    <database>Unknown</database>
    <annotation>Unknown</annotation>
    <image>Unknown</image>
  </source>
  <size>
    <width>490</width>
    <height>500</height>
    <depth></depth>
  </size>
  <segmented>0</segmented>
  <object>
    <name>5f</name>
    <truncated>0</truncated>
    <occluded>0</occluded>
    <difficult>0</difficult>
    <bndbox>
      <xmin>8.49</xmin>
      <ymin>18.64</ymin>
      <xmax>471.25</xmax>
      <ymax>491.64</ymax>
    </bndbox>
  </object>
</annotation>
