<annotation>
  <folder>western</folder>
  <filename>western_africa-500-francs-2004 - Copie.png</filename>
  <source>
    <database>Unknown</database>
    <annotation>Unknown</annotation>
    <image>Unknown</image>
  </source>
  <size>
    <width>330</width>
    <height>333</height>
    <depth></depth>
  </size>
  <segmented>0</segmented>
  <object>
    <name>500f</name>
    <truncated>0</truncated>
    <occluded>0</occluded>
    <difficult>0</difficult>
    <bndbox>
      <xmin>5.0</xmin>
      <ymin>4.94</ymin>
      <xmax>313.81</xmax>
      <ymax>332.98</ymax>
    </bndbox>
  </object>
</annotation>
