<annotation>
  <folder>western</folder>
  <filename>western_africa-500-francs-2003 - Copie.png</filename>
  <source>
    <database>Unknown</database>
    <annotation>Unknown</annotation>
    <image>Unknown</image>
  </source>
  <size>
    <width>500</width>
    <height>500</height>
    <depth></depth>
  </size>
  <segmented>0</segmented>
  <object>
    <name>500f</name>
    <truncated>0</truncated>
    <occluded>0</occluded>
    <difficult>0</difficult>
    <bndbox>
      <xmin>10.73</xmin>
      <ymin>27.95</ymin>
      <xmax>482.79</xmax>
      <ymax>478.6</ymax>
    </bndbox>
  </object>
</annotation>
