<annotation>
  <folder>western</folder>
  <filename>western_africa-200-francs-2003 - Copie.png</filename>
  <source>
    <database>Unknown</database>
    <annotation>Unknown</annotation>
    <image>Unknown</image>
  </source>
  <size>
    <width>492</width>
    <height>499</height>
    <depth></depth>
  </size>
  <segmented>0</segmented>
  <object>
    <name>200f</name>
    <truncated>0</truncated>
    <occluded>0</occluded>
    <difficult>0</difficult>
    <bndbox>
      <xmin>24.85</xmin>
      <ymin>28.84</ymin>
      <xmax>462.52</xmax>
      <ymax>473.95</ymax>
    </bndbox>
  </object>
</annotation>
