<annotation>
  <folder>western</folder>
  <filename>western_africa-5-francs-1972 - Copie.png</filename>
  <source>
    <database>Unknown</database>
    <annotation>Unknown</annotation>
    <image>Unknown</image>
  </source>
  <size>
    <width>240</width>
    <height>241</height>
    <depth></depth>
  </size>
  <segmented>0</segmented>
  <object>
    <name>5f</name>
    <truncated>0</truncated>
    <occluded>0</occluded>
    <difficult>0</difficult>
    <bndbox>
      <xmin>3.75</xmin>
      <ymin>6.71</ymin>
      <xmax>225.9</xmax>
      <ymax>241.0</ymax>
    </bndbox>
  </object>
</annotation>
