<annotation>
  <folder>western</folder>
  <filename>western_africa-200-francs-2004 - Copie.png</filename>
  <source>
    <database>Unknown</database>
    <annotation>Unknown</annotation>
    <image>Unknown</image>
  </source>
  <size>
    <width>500</width>
    <height>498</height>
    <depth></depth>
  </size>
  <segmented>0</segmented>
  <object>
    <name>200f</name>
    <truncated>0</truncated>
    <occluded>0</occluded>
    <difficult>0</difficult>
    <bndbox>
      <xmin>7.95</xmin>
      <ymin>14.81</ymin>
      <xmax>486.47</xmax>
      <ymax>497.97</ymax>
    </bndbox>
  </object>
</annotation>
