<annotation>
  <folder>WH</folder>
  <filename>WH_West African CFA franc _121263 - Copie.png</filename>
  <source>
    <database>Unknown</database>
    <annotation>Unknown</annotation>
    <image>Unknown</image>
  </source>
  <size>
    <width>1536</width>
    <height>1024</height>
    <depth></depth>
  </size>
  <segmented>0</segmented>
  <object>
    <name>10f</name>
    <truncated>0</truncated>
    <occluded>0</occluded>
    <difficult>0</difficult>
    <bndbox>
      <xmin>861.4</xmin>
      <ymin>467.25</ymin>
      <xmax>966.28</xmax>
      <ymax>554.96</ymax>
    </bndbox>
  </object>
  <object>
    <name>10f</name>
    <truncated>0</truncated>
    <occluded>0</occluded>
    <difficult>0</difficult>
    <bndbox>
      <xmin>790.84</xmin>
      <ymin>760.91</ymin>
      <xmax>893.82</xmax>
      <ymax>860.06</ymax>
    </bndbox>
  </object>
  <object>
    <name>5f</name>
    <truncated>0</truncated>
    <occluded>0</occluded>
    <difficult>0</difficult>
    <bndbox>
      <xmin>224.5</xmin>
      <ymin>955.41</ymin>
      <xmax>331.28</xmax>
      <ymax>1018.34</ymax>
    </bndbox>
  </object>
  <object>
    <name>5f</name>
    <truncated>0</truncated>
    <occluded>0</occluded>
    <difficult>0</difficult>
    <bndbox>
      <xmin>823.26</xmin>
      <ymin>635.05</ymin>
      <xmax>907.16</xmax>
      <ymax>709.42</ymax>
    </bndbox>
  </object>
  <object>
    <name>5f</name>
    <truncated>0</truncated>
    <occluded>0</occluded>
    <difficult>0</difficult>
    <bndbox>
      <xmin>161.57</xmin>
      <ymin>724.67</ymin>
      <xmax>247.38</xmax>
      <ymax>804.76</ymax>
    </bndbox>
  </object>
  <object>
    <name>5f</name>
    <truncated>0</truncated>
    <occluded>0</occluded>
    <difficult>0</difficult>
    <bndbox>
      <xmin>66.23</xmin>
      <ymin>602.63</ymin>
      <xmax>150.13</xmax>
      <ymax>680.82</ymax>
    </bndbox>
  </object>
  <object>
    <name>5f</name>
    <truncated>0</truncated>
    <occluded>0</occluded>
    <difficult>0</difficult>
    <bndbox>
      <xmin>71.95</xmin>
      <ymin>772.35</ymin>
      <xmax>171.1</xmax>
      <ymax>854.34</ymax>
    </bndbox>
  </object>
  <object>
    <name>50f</name>
    <truncated>0</truncated>
    <occluded>0</occluded>
    <difficult>0</difficult>
    <bndbox>
      <xmin>760.33</xmin>
      <ymin>436.73</ymin>
      <xmax>848.05</xmax>
      <ymax>497.75</ymax>
    </bndbox>
  </object>
  <object>
    <name>50f</name>
    <truncated>0</truncated>
    <occluded>0</occluded>
    <difficult>0</difficult>
    <bndbox>
      <xmin>703.13</xmin>
      <ymin>636.96</ymin>
      <xmax>785.12</xmax>
      <ymax>707.51</ymax>
    </bndbox>
  </object>
  <object>
    <name>50f</name>
    <truncated>0</truncated>
    <occluded>0</occluded>
    <difficult>0</difficult>
    <bndbox>
      <xmin>769.87</xmin>
      <ymin>697.98</ymin>
      <xmax>865.21</xmax>
      <ymax>783.79</ymax>
    </bndbox>
  </object>
  <object>
    <name>50f</name>
    <truncated>0</truncated>
    <occluded>0</occluded>
    <difficult>0</difficult>
    <bndbox>
      <xmin>766.05</xmin>
      <ymin>575.94</ymin>
      <xmax>855.68</xmax>
      <ymax>652.21</ymax>
    </bndbox>
  </object>
  <object>
    <name>50f</name>
    <truncated>0</truncated>
    <occluded>0</occluded>
    <difficult>0</difficult>
    <bndbox>
      <xmin>626.85</xmin>
      <ymin>596.91</ymin>
      <xmax>716.48</xmax>
      <ymax>675.1</ymax>
    </bndbox>
  </object>
  <object>
    <name>50f</name>
    <truncated>0</truncated>
    <occluded>0</occluded>
    <difficult>0</difficult>
    <bndbox>
      <xmin>419.0</xmin>
      <ymin>757.09</ymin>
      <xmax>512.44</xmax>
      <ymax>831.46</ymax>
    </bndbox>
  </object>
  <object>
    <name>50f</name>
    <truncated>0</truncated>
    <occluded>0</occluded>
    <difficult>0</difficult>
    <bndbox>
      <xmin>647.83</xmin>
      <ymin>751.37</ymin>
      <xmax>741.26</xmax>
      <ymax>844.81</ymax>
    </bndbox>
  </object>
  <object>
    <name>50f</name>
    <truncated>0</truncated>
    <occluded>0</occluded>
    <difficult>0</difficult>
    <bndbox>
      <xmin>781.31</xmin>
      <ymin>495.85</ymin>
      <xmax>870.93</xmax>
      <ymax>577.84</ymax>
    </bndbox>
  </object>
  <object>
    <name>50f</name>
    <truncated>0</truncated>
    <occluded>0</occluded>
    <difficult>0</difficult>
    <bndbox>
      <xmin>951.02</xmin>
      <ymin>564.5</ymin>
      <xmax>1033.02</xmax>
      <ymax>640.77</ymax>
    </bndbox>
  </object>
  <object>
    <name>5f</name>
    <truncated>0</truncated>
    <occluded>0</occluded>
    <difficult>0</difficult>
    <bndbox>
      <xmin>140.59</xmin>
      <ymin>841.0</ymin>
      <xmax>235.94</xmax>
      <ymax>921.08</ymax>
    </bndbox>
  </object>
  <object>
    <name>200f</name>
    <truncated>0</truncated>
    <occluded>0</occluded>
    <difficult>0</difficult>
    <bndbox>
      <xmin>31.9</xmin>
      <ymin>972.57</ymin>
      <xmax>209.24</xmax>
      <ymax>1024.0</ymax>
    </bndbox>
  </object>
  <object>
    <name>500f</name>
    <truncated>0</truncated>
    <occluded>0</occluded>
    <difficult>0</difficult>
    <bndbox>
      <xmin>249.29</xmin>
      <ymin>810.49</ymin>
      <xmax>390.4</xmax>
      <ymax>936.34</ymax>
    </bndbox>
  </object>
  <object>
    <name>50f</name>
    <truncated>0</truncated>
    <occluded>0</occluded>
    <difficult>0</difficult>
    <bndbox>
      <xmin>985.35</xmin>
      <ymin>766.63</ymin>
      <xmax>1073.06</xmax>
      <ymax>875.32</ymax>
    </bndbox>
  </object>
  <object>
    <name>50f</name>
    <truncated>0</truncated>
    <occluded>0</occluded>
    <difficult>0</difficult>
    <bndbox>
      <xmin>468.58</xmin>
      <ymin>879.13</ymin>
      <xmax>562.02</xmax>
      <ymax>970.66</ymax>
    </bndbox>
  </object>
  <object>
    <name>50f</name>
    <truncated>0</truncated>
    <occluded>0</occluded>
    <difficult>0</difficult>
    <bndbox>
      <xmin>346.54</xmin>
      <ymin>734.21</ymin>
      <xmax>430.44</xmax>
      <ymax>825.74</ymax>
    </bndbox>
  </object>
  <object>
    <name>25f</name>
    <truncated>0</truncated>
    <occluded>0</occluded>
    <difficult>0</difficult>
    <bndbox>
      <xmin>224.5</xmin>
      <ymin>724.67</ymin>
      <xmax>346.54</xmax>
      <ymax>841.0</ymax>
    </bndbox>
  </object>
  <object>
    <name>100f</name>
    <truncated>0</truncated>
    <occluded>0</occluded>
    <difficult>0</difficult>
    <bndbox>
      <xmin>613.5</xmin>
      <ymin>882.95</ymin>
      <xmax>724.1</xmax>
      <ymax>1010.71</ymax>
    </bndbox>
  </object>
  <object>
    <name>100f</name>
    <truncated>0</truncated>
    <occluded>0</occluded>
    <difficult>0</difficult>
    <bndbox>
      <xmin>1000.6</xmin>
      <ymin>587.38</ymin>
      <xmax>1088.32</xmax>
      <ymax>688.45</ymax>
    </bndbox>
  </object>
  <object>
    <name>100f</name>
    <truncated>0</truncated>
    <occluded>0</occluded>
    <difficult>0</difficult>
    <bndbox>
      <xmin>966.28</xmin>
      <ymin>875.32</ymin>
      <xmax>1080.69</xmax>
      <ymax>1003.08</ymax>
    </bndbox>
  </object>
  <object>
    <name>100f</name>
    <truncated>0</truncated>
    <occluded>0</occluded>
    <difficult>0</difficult>
    <bndbox>
      <xmin>1067.34</xmin>
      <ymin>535.89</ymin>
      <xmax>1158.87</xmax>
      <ymax>621.7</ymax>
    </bndbox>
  </object>
  <object>
    <name>25f</name>
    <truncated>0</truncated>
    <occluded>0</occluded>
    <difficult>0</difficult>
    <bndbox>
      <xmin>377.05</xmin>
      <ymin>816.21</ymin>
      <xmax>493.37</xmax>
      <ymax>917.27</ymax>
    </bndbox>
  </object>
  <object>
    <name>25f</name>
    <truncated>0</truncated>
    <occluded>0</occluded>
    <difficult>0</difficult>
    <bndbox>
      <xmin>363.7</xmin>
      <ymin>419.57</ymin>
      <xmax>502.9</xmax>
      <ymax>497.75</ymax>
    </bndbox>
  </object>
  <object>
    <name>5f</name>
    <truncated>0</truncated>
    <occluded>0</occluded>
    <difficult>0</difficult>
    <bndbox>
      <xmin>1006.32</xmin>
      <ymin>686.54</ymin>
      <xmax>1090.23</xmax>
      <ymax>766.63</ymax>
    </bndbox>
  </object>
  <object>
    <name>5f</name>
    <truncated>0</truncated>
    <occluded>0</occluded>
    <difficult>0</difficult>
    <bndbox>
      <xmin>899.54</xmin>
      <ymin>797.14</ymin>
      <xmax>985.35</xmax>
      <ymax>902.02</ymax>
    </bndbox>
  </object>
  <object>
    <name>5f</name>
    <truncated>0</truncated>
    <occluded>0</occluded>
    <difficult>0</difficult>
    <bndbox>
      <xmin>1277.1</xmin>
      <ymin>556.87</ymin>
      <xmax>1366.72</xmax>
      <ymax>640.77</ymax>
    </bndbox>
  </object>
  <object>
    <name>10f</name>
    <truncated>0</truncated>
    <occluded>0</occluded>
    <difficult>0</difficult>
    <bndbox>
      <xmin>1292.36</xmin>
      <ymin>829.55</ymin>
      <xmax>1397.24</xmax>
      <ymax>932.53</ymax>
    </bndbox>
  </object>
  <object>
    <name>5f</name>
    <truncated>0</truncated>
    <occluded>0</occluded>
    <difficult>0</difficult>
    <bndbox>
      <xmin>1408.68</xmin>
      <ymin>625.52</ymin>
      <xmax>1500.21</xmax>
      <ymax>749.46</ymax>
    </bndbox>
  </object>
  <object>
    <name>5f</name>
    <truncated>0</truncated>
    <occluded>0</occluded>
    <difficult>0</difficult>
    <bndbox>
      <xmin>1389.61</xmin>
      <ymin>484.41</ymin>
      <xmax>1483.04</xmax>
      <ymax>572.12</ymax>
    </bndbox>
  </object>
  <object>
    <name>5f</name>
    <truncated>0</truncated>
    <occluded>0</occluded>
    <difficult>0</difficult>
    <bndbox>
      <xmin>1189.38</xmin>
      <ymin>821.93</ymin>
      <xmax>1288.54</xmax>
      <ymax>917.27</ymax>
    </bndbox>
  </object>
  <object>
    <name>5f</name>
    <truncated>0</truncated>
    <occluded>0</occluded>
    <difficult>0</difficult>
    <bndbox>
      <xmin>331.28</xmin>
      <ymin>917.27</ymin>
      <xmax>430.44</xmax>
      <ymax>1018.34</ymax>
    </bndbox>
  </object>
  <object>
    <name>5f</name>
    <truncated>0</truncated>
    <occluded>0</occluded>
    <difficult>0</difficult>
    <bndbox>
      <xmin>573.46</xmin>
      <ymin>829.55</ymin>
      <xmax>659.27</xmax>
      <ymax>915.36</ymax>
    </bndbox>
  </object>
  <object>
    <name>5f</name>
    <truncated>0</truncated>
    <occluded>0</occluded>
    <difficult>0</difficult>
    <bndbox>
      <xmin>1107.39</xmin>
      <ymin>728.49</ymin>
      <xmax>1197.01</xmax>
      <ymax>818.11</ymax>
    </bndbox>
  </object>
  <object>
    <name>5f</name>
    <truncated>0</truncated>
    <occluded>0</occluded>
    <difficult>0</difficult>
    <bndbox>
      <xmin>1074.97</xmin>
      <ymin>930.62</ymin>
      <xmax>1177.94</xmax>
      <ymax>1018.34</ymax>
    </bndbox>
  </object>
  <object>
    <name>5f</name>
    <truncated>0</truncated>
    <occluded>0</occluded>
    <difficult>0</difficult>
    <bndbox>
      <xmin>1254.22</xmin>
      <ymin>741.84</ymin>
      <xmax>1347.66</xmax>
      <ymax>837.18</ymax>
    </bndbox>
  </object>
  <object>
    <name>5f</name>
    <truncated>0</truncated>
    <occluded>0</occluded>
    <difficult>0</difficult>
    <bndbox>
      <xmin>1271.38</xmin>
      <ymin>922.99</ymin>
      <xmax>1366.72</xmax>
      <ymax>1012.62</ymax>
    </bndbox>
  </object>
  <object>
    <name>5f</name>
    <truncated>0</truncated>
    <occluded>0</occluded>
    <difficult>0</difficult>
    <bndbox>
      <xmin>1109.29</xmin>
      <ymin>469.15</ymin>
      <xmax>1197.01</xmax>
      <ymax>537.8</ymax>
    </bndbox>
  </object>
  <object>
    <name>5f</name>
    <truncated>0</truncated>
    <occluded>0</occluded>
    <difficult>0</difficult>
    <bndbox>
      <xmin>1004.42</xmin>
      <ymin>484.41</ymin>
      <xmax>1082.6</xmax>
      <ymax>558.77</ymax>
    </bndbox>
  </object>
  <object>
    <name>25f</name>
    <truncated>0</truncated>
    <occluded>0</occluded>
    <difficult>0</difficult>
    <bndbox>
      <xmin>518.16</xmin>
      <ymin>711.33</ymin>
      <xmax>640.2</xmax>
      <ymax>827.65</ymax>
    </bndbox>
  </object>
  <object>
    <name>25f</name>
    <truncated>0</truncated>
    <occluded>0</occluded>
    <difficult>0</difficult>
    <bndbox>
      <xmin>529.6</xmin>
      <ymin>518.73</ymin>
      <xmax>644.01</xmax>
      <ymax>631.24</ymax>
    </bndbox>
  </object>
  <object>
    <name>25f</name>
    <truncated>0</truncated>
    <occluded>0</occluded>
    <difficult>0</difficult>
    <bndbox>
      <xmin>495.28</xmin>
      <ymin>619.8</ymin>
      <xmax>607.78</xmax>
      <ymax>728.49</ymax>
    </bndbox>
  </object>
  <object>
    <name>25f</name>
    <truncated>0</truncated>
    <occluded>0</occluded>
    <difficult>0</difficult>
    <bndbox>
      <xmin>275.98</xmin>
      <ymin>535.89</ymin>
      <xmax>396.12</xmax>
      <ymax>636.96</ymax>
    </bndbox>
  </object>
  <object>
    <name>25f</name>
    <truncated>0</truncated>
    <occluded>0</occluded>
    <difficult>0</difficult>
    <bndbox>
      <xmin>152.04</xmin>
      <ymin>602.63</ymin>
      <xmax>274.08</xmax>
      <ymax>713.23</ymax>
    </bndbox>
  </object>
  <object>
    <name>25f</name>
    <truncated>0</truncated>
    <occluded>0</occluded>
    <difficult>0</difficult>
    <bndbox>
      <xmin>380.86</xmin>
      <ymin>610.26</ymin>
      <xmax>497.18</xmax>
      <ymax>726.58</ymax>
    </bndbox>
  </object>
</annotation>
